date,importer_ko,product_name,product_type_ko,country_origin_ko,country_export_ko,expiry_date,notes,ingested_at
2026-04-17,(주)온누리바이오생약,녹용,녹용(건조),뉴질랜드,중국,,,2026-07-04T23:37:12Z (bootstrap)
2026-04-07,(주)우성생약,녹용(건조),녹용(건조),뉴질랜드,중국,,,2026-07-04T23:37:12Z (bootstrap)
2026-04-07,주식회사 가온제약,냉동녹용,생녹용(냉동),뉴질랜드,뉴질랜드,,,2026-07-04T23:37:12Z (bootstrap)
2026-04-03,(주)케이앤씨디어트레이드,생녹용,생녹용(냉동),뉴질랜드,뉴질랜드,2026-02-25 ~,,2026-07-04T23:37:12Z (bootstrap)
2026-04-03,화용제약,생녹용(냉동),생녹용(냉동),뉴질랜드,뉴질랜드,,,2026-07-04T23:37:12Z (bootstrap)
2026-03-25,온바이오,생녹용(냉동),생녹용(냉동),뉴질랜드,뉴질랜드,,,2026-07-04T23:37:12Z (bootstrap)
2026-03-17,(주)케이앤씨디어트레이드,생녹용,생녹용(냉동),뉴질랜드,뉴질랜드,2026-01-21 ~,,2026-07-04T23:37:12Z (bootstrap)
2026-03-16,(주)바이오닷,생녹용,생녹용(냉동),뉴질랜드,뉴질랜드,2026-01-27 ~ 2029-01-27,,2026-07-04T23:37:12Z (bootstrap)
2026-03-12,와이더블유 인터내셔날,냉동녹용,생녹용(냉동),뉴질랜드,뉴질랜드,,,2026-07-04T23:37:12Z (bootstrap)
2026-03-12,(주)한국인삼공사,생녹용(냉동),생녹용(냉동),뉴질랜드,뉴질랜드,,,2026-07-04T23:37:12Z (bootstrap)
2026-03-11,유진통상,녹용(건조),녹용(건조),뉴질랜드,중국,,,2026-07-04T23:37:12Z (bootstrap)
2026-02-20,주식회사 이룡제약,생녹용(냉동),생녹용(냉동),뉴질랜드,뉴질랜드,,,2026-07-04T23:37:12Z (bootstrap)
2026-02-05,화용제약,생녹용(냉동),생녹용(냉동),뉴질랜드,뉴질랜드,,,2026-07-04T23:37:12Z (bootstrap)
2026-01-27,(주)케이앤씨디어트레이드,녹용(건조),녹용(건조),뉴질랜드,중국,,,2026-07-04T23:37:12Z (bootstrap)
2026-01-15,와이더블유 인터내셔날,냉동녹용,생녹용(냉동),뉴질랜드,뉴질랜드,,,2026-07-04T23:37:12Z (bootstrap)
2026-01-09,건향제약주식회사,녹용(건조),녹용(건조),러시아,러시아,,,2026-07-04T23:37:12Z (bootstrap)
2026-01-09,(주)바이오닷,생녹용,생녹용(냉동),뉴질랜드,뉴질랜드,2025-12-09 ~ 2028-12-09,,2026-07-04T23:37:12Z (bootstrap)
2025-12-15,화용제약,녹용,녹용(건조),뉴질랜드,중국,,,2026-07-04T23:37:12Z (bootstrap)
2025-12-15,(주)용보제약,녹용(건조),녹용(건조),뉴질랜드,중국,,,2026-07-04T23:37:12Z (bootstrap)
2025-12-10,화용제약,생녹용(냉동),생녹용(냉동),뉴질랜드,뉴질랜드,,,2026-07-04T23:37:12Z (bootstrap)
2025-12-10,(주)케이앤씨디어트레이드,생녹용(냉동),생녹용(냉동),뉴질랜드,뉴질랜드,,,2026-07-04T23:37:12Z (bootstrap)
2025-12-08,유진통상,녹용(건조),녹용(건조),뉴질랜드,중국,,,2026-07-04T23:37:12Z (bootstrap)
2025-12-04,조은생약,녹용,녹용(건조),러시아,러시아,,,2026-07-04T23:37:12Z (bootstrap)
2025-11-28,(주)우성생약,녹용(건조),녹용(건조),뉴질랜드,중국,,,2026-07-04T23:37:12Z (bootstrap)
2025-11-20,온바이오,녹용(건조),녹용(건조),뉴질랜드,중국,,,2026-07-04T23:37:12Z (bootstrap)
2025-11-14,주식회사 이룡제약,생녹용(냉동),생녹용(냉동),뉴질랜드,뉴질랜드,,,2026-07-04T23:37:12Z (bootstrap)
2025-11-11,(주)대원알디티,녹용(건조),녹용(건조),러시아,러시아,,,2026-07-04T23:37:12Z (bootstrap)
2025-11-11,흥수녹용,녹용(건조),녹용(건조),러시아,러시아,,,2026-07-04T23:37:12Z (bootstrap)
2025-10-23,주식회사 이룡제약,녹용,녹용(건조),뉴질랜드,중국,2025-10-09 ~,,2026-07-04T23:37:12Z (bootstrap)
2025-10-23,(주)케이앤씨디어트레이드,생녹용,생녹용(냉동),뉴질랜드,뉴질랜드,2025-09-08 ~,,2026-07-04T23:37:12Z (bootstrap)
2025-09-23,(주)한국인삼공사,녹용(건조),녹용(건조),뉴질랜드,뉴질랜드,,,2026-07-04T23:37:12Z (bootstrap)
2025-09-23,온바이오,녹용(건조),녹용(건조),뉴질랜드,중국,,,2026-07-04T23:37:12Z (bootstrap)
2025-09-09,(주)한국인삼공사,녹용(건조),녹용(건조),뉴질랜드,뉴질랜드,,,2026-07-04T23:37:12Z (bootstrap)
2025-09-02,향나바이오 주식회사,녹용,녹용(건조),뉴질랜드,중국,,,2026-07-04T23:37:12Z (bootstrap)
2025-08-29,유진통상,녹용(건조),녹용(건조),뉴질랜드,중국,,,2026-07-04T23:37:12Z (bootstrap)
2025-08-27,시베리안앤틀러팜스 주식회사,녹용(건조),녹용(건조),러시아,러시아,,,2026-07-04T23:37:12Z (bootstrap)
2025-07-01,(주)온누리바이오생약,녹용,녹용(건조),뉴질랜드,중국,,,2026-07-04T23:37:12Z (bootstrap)
2025-06-26,화용제약,생녹용(냉동),생녹용(냉동),뉴질랜드,뉴질랜드,,,2026-07-04T23:37:12Z (bootstrap)
2025-06-04,(주)케이앤씨디어트레이드,생녹용(냉동),생녹용(냉동),뉴질랜드,뉴질랜드,,,2026-07-04T23:37:12Z (bootstrap)
2025-06-04,와이더블유 인터내셔날,냉동녹용,생녹용(냉동),뉴질랜드,뉴질랜드,,,2026-07-04T23:37:12Z (bootstrap)
2025-05-27,(주)온누리바이오생약,녹용,녹용(건조),러시아,러시아,,,2026-07-04T23:37:12Z (bootstrap)
2025-05-22,(주)온누리바이오생약,생녹용(냉동),생녹용(냉동),뉴질랜드,뉴질랜드,,,2026-07-04T23:37:12Z (bootstrap)
2025-05-01,(주)케이앤씨디어트레이드,생녹용(냉동),생녹용(냉동),뉴질랜드,뉴질랜드,,,2026-07-04T23:37:12Z (bootstrap)
2025-05-01,화용제약,생녹용(냉동),생녹용(냉동),뉴질랜드,뉴질랜드,,,2026-07-04T23:37:12Z (bootstrap)
2025-04-25,(주)케이앤씨디어트레이드,생녹용,생녹용(냉동),뉴질랜드,뉴질랜드,2025-02-20 ~,,2026-07-04T23:37:12Z (bootstrap)
2025-04-18,(주)천호엔케어,녹용,녹용(건조),뉴질랜드,뉴질랜드,2025-03-24 ~,,2026-07-04T23:37:12Z (bootstrap)
2025-04-11,유진통상,녹용(건조),녹용(건조),뉴질랜드,중국,,,2026-07-04T23:37:12Z (bootstrap)
2025-04-02,(주)바이오닷,생녹용,생녹용(냉동),뉴질랜드,뉴질랜드,2025-02-10 ~,,2026-07-04T23:37:12Z (bootstrap)
2025-03-28,주식회사 비봉허브,녹용,녹용(건조),뉴질랜드,뉴질랜드,2025-03-06 ~,,2026-07-04T23:37:12Z (bootstrap)
2025-03-26,주식회사 이룡제약,생녹용,생녹용(냉동),뉴질랜드,뉴질랜드,,,2026-07-04T23:37:12Z (bootstrap)
2025-03-17,(주)케이앤씨디어트레이드,생녹용(냉동),생녹용(냉동),뉴질랜드,뉴질랜드,,,2026-07-04T23:37:12Z (bootstrap)
2025-03-13,와이더블유 인터내셔날,냉동녹용,생녹용(냉동),뉴질랜드,뉴질랜드,,,2026-07-04T23:37:12Z (bootstrap)
2025-03-12,주식회사 가온제약,생녹용,생녹용(냉동),뉴질랜드,뉴질랜드,2025-01-30 ~,,2026-07-04T23:37:12Z (bootstrap)
2025-03-10,대호제약주식회사,녹용(건조),녹용(건조),뉴질랜드,중국,,,2026-07-04T23:37:12Z (bootstrap)
2025-03-07,(주)케이앤씨디어트레이드,생녹용(냉동),생녹용(냉동),뉴질랜드,뉴질랜드,,,2026-07-04T23:37:12Z (bootstrap)
2025-03-05,록원,냉동녹용,생녹용(냉동),뉴질랜드,뉴질랜드,,,2026-07-04T23:37:12Z (bootstrap)
2025-03-04,화용제약,생녹용(냉동),생녹용(냉동),뉴질랜드,뉴질랜드,,,2026-07-04T23:37:12Z (bootstrap)
2025-02-28,(주)케이앤씨디어트레이드,생녹용(냉동),생녹용(냉동),뉴질랜드,뉴질랜드,,,2026-07-04T23:37:12Z (bootstrap)
2025-02-26,태안약업(주),녹용,녹용(건조),뉴질랜드,뉴질랜드,,,2026-07-04T23:37:12Z (bootstrap)
2025-02-25,유진통상,녹용(건조),녹용(건조),러시아,러시아,,,2026-07-04T23:37:12Z (bootstrap)
2025-02-18,(주)온누리바이오생약,녹용,녹용(건조),러시아,러시아,,,2026-07-04T23:37:12Z (bootstrap)
2025-02-18,향나바이오 주식회사,녹용,녹용(건조),러시아,러시아,,,2026-07-04T23:37:12Z (bootstrap)
2025-02-18,(주)대원알디티,녹용(건조),녹용(건조),러시아,러시아,,,2026-07-04T23:37:12Z (bootstrap)
2025-02-14,와이더블유 인터내셔날,냉동녹용,생녹용(냉동),뉴질랜드,뉴질랜드,,,2026-07-04T23:37:12Z (bootstrap)
2025-01-24,주식회사 유한건강생활,녹용,생녹용(냉동),뉴질랜드,뉴질랜드,,,2026-07-04T23:37:12Z (bootstrap)
2025-01-15,록원,냉동녹용,생녹용(냉동),뉴질랜드,뉴질랜드,,,2026-07-04T23:37:12Z (bootstrap)
2025-01-09,(주)진수녹용,생녹용,생녹용(냉동),뉴질랜드,뉴질랜드,2024-12-10 ~,,2026-07-04T23:37:12Z (bootstrap)
2024-12-27,(주)케이앤씨디어트레이드,생녹용(냉동),생녹용(냉동),뉴질랜드,뉴질랜드,,,2026-07-04T23:37:12Z (bootstrap)
2024-12-19,(주)케이앤씨디어트레이드,생녹용(냉동),생녹용(냉동),뉴질랜드,뉴질랜드,,,2026-07-04T23:37:12Z (bootstrap)
2024-12-12,화용제약,생녹용(냉동),생녹용(냉동),뉴질랜드,뉴질랜드,,,2026-07-04T23:37:12Z (bootstrap)
2024-12-09,(주)우성생약,녹용(건조),녹용(건조),뉴질랜드,중국,,,2026-07-04T23:37:12Z (bootstrap)
2024-12-09,한스약품주식회사,건조녹용,녹용(건조),뉴질랜드,중국,,,2026-07-04T23:37:12Z (bootstrap)
2024-12-04,(주)케이앤씨디어트레이드,생녹용(냉동),생녹용(냉동),뉴질랜드,뉴질랜드,,,2026-07-04T23:37:12Z (bootstrap)
2024-11-21,(주)온누리바이오생약,생녹용(냉동),생녹용(냉동),뉴질랜드,뉴질랜드,2024-05-15 ~,,2026-07-04T23:37:12Z (bootstrap)
2024-11-20,대호제약주식회사,녹용(건조),녹용(건조),뉴질랜드,중국,,,2026-07-04T23:37:12Z (bootstrap)
2024-11-04,(주)대원알디티,녹용(건조),녹용(건조),러시아,러시아,,,2026-07-04T23:37:12Z (bootstrap)
2024-11-04,흥수녹용,녹용(건조),녹용(건조),러시아,러시아,,,2026-07-04T23:37:12Z (bootstrap)
2024-11-01,주식회사 유한건강생활,녹용분말,기타 동물성가공식품,뉴질랜드,뉴질랜드,2024-07-23 ~ 2029-07-23,,2026-07-04T23:37:12Z (bootstrap)
2024-10-04,한스약품주식회사,건조녹용,녹용(건조),중국,중국,,,2026-07-04T23:37:12Z (bootstrap)
2024-08-06,화용제약,생녹용(냉동),생녹용(냉동),뉴질랜드,뉴질랜드,,,2026-07-04T23:37:12Z (bootstrap)
2024-08-06,와이더블유 인터내셔날,냉동녹용,생녹용(냉동),뉴질랜드,뉴질랜드,,,2026-07-04T23:37:12Z (bootstrap)
2024-08-06,와이더블유 인터내셔날,냉동녹용,생녹용(냉동),뉴질랜드,뉴질랜드,,,2026-07-04T23:37:12Z (bootstrap)
2024-08-06,화용제약,생녹용(냉동),생녹용(냉동),뉴질랜드,뉴질랜드,,,2026-07-04T23:37:12Z (bootstrap)
2024-07-26,유진통상,건조녹용,녹용(건조),뉴질랜드,중국,2024-07-09 ~,,2026-07-04T23:37:12Z (bootstrap)
2024-07-17,주식회사 유한건강생활,녹용분말,기타 동물성가공식품,뉴질랜드,뉴질랜드,2023-08-04 ~ 2028-08-04,,2026-07-04T23:37:12Z (bootstrap)
2024-07-08,(주)디에이치지글로벌,녹용,녹용(건조),러시아,러시아,2024-05-29 ~,,2026-07-04T23:37:12Z (bootstrap)
2024-06-26,유진통상,건조녹용,녹용(건조),러시아,러시아,2024-06-06 ~,,2026-07-04T23:37:12Z (bootstrap)
2024-06-13,(주)용보제약,녹용(건조),녹용(건조),뉴질랜드,중국,2024-05-20 ~,,2026-07-04T23:37:12Z (bootstrap)
2024-06-10,(주)케이앤씨디어트레이드,생녹용,생녹용(냉동),뉴질랜드,뉴질랜드,2024-04-17 ~,,2026-07-04T23:37:12Z (bootstrap)
2024-06-07,(주)우성생약,녹용(건조),녹용(건조),뉴질랜드,중국,2024-05-17 ~,,2026-07-04T23:37:12Z (bootstrap)
2024-05-29,(주)대덕제약,녹용,녹용(건조),러시아,러시아,,,2026-07-04T23:37:12Z (bootstrap)
2024-05-29,명가녹용 주식회사,녹용,녹용(건조),러시아,러시아,,,2026-07-04T23:37:12Z (bootstrap)
2024-05-24,(주)온누리바이오생약,녹용,녹용(건조),뉴질랜드,뉴질랜드,2024-04-18 ~,,2026-07-04T23:37:12Z (bootstrap)
2024-05-24,주식회사 비봉허브,녹용,녹용(건조),뉴질랜드,뉴질랜드,2024-04-03 ~,,2026-07-04T23:37:12Z (bootstrap)
2024-05-10,와이더블유 인터내셔날,냉동녹용,생녹용(냉동),뉴질랜드,뉴질랜드,,,2026-07-04T23:37:12Z (bootstrap)
2024-05-03,록원,냉동녹용,생녹용(냉동),뉴질랜드,뉴질랜드,,,2026-07-04T23:37:12Z (bootstrap)
2024-05-03,(주)대원알디티,녹용(건조),녹용(건조),러시아,러시아,2024-04-11 ~,,2026-07-04T23:37:12Z (bootstrap)
2024-05-03,흥수녹용,녹용(건조),녹용(건조),러시아,러시아,2024-04-11 ~,,2026-07-04T23:37:12Z (bootstrap)
2024-05-01,(주)온누리바이오생약,녹용,녹용(건조),러시아,러시아,2024-03-28 ~,,2026-07-04T23:37:12Z (bootstrap)
2024-05-01,천지담은 바이오,녹용,녹용(건조),러시아,러시아,2024-03-28 ~,,2026-07-04T23:37:12Z (bootstrap)
2024-04-22,명가녹용 주식회사,녹용(건조),녹용(건조),뉴질랜드,중국,2024-04-01 ~,,2026-07-04T23:37:12Z (bootstrap)
2024-04-05,향나바이오 주식회사,녹용,녹용(건조),러시아,러시아,2024-02-28 ~,,2026-07-04T23:37:12Z (bootstrap)
2024-03-27,명가녹용 주식회사,녹용,녹용(건조),뉴질랜드,뉴질랜드,,,2026-07-04T23:37:12Z (bootstrap)
2024-03-26,유진통상,건조녹용,녹용(건조),뉴질랜드,중국,,,2026-07-04T23:37:12Z (bootstrap)
2024-03-26,(주)케이앤씨디어트레이드,생녹용(냉동),생녹용(냉동),뉴질랜드,뉴질랜드,,,2026-07-04T23:37:12Z (bootstrap)
2024-03-12,와이더블유 인터내셔날,냉동녹용,생녹용(냉동),뉴질랜드,뉴질랜드,,,2026-07-04T23:37:12Z (bootstrap)
2024-02-27,유진통상,건조녹용,녹용(건조),러시아,러시아,2024-02-05 ~,,2026-07-04T23:37:12Z (bootstrap)
2024-02-22,온바이오,생녹용,생녹용(냉동),뉴질랜드,뉴질랜드,,,2026-07-04T23:37:12Z (bootstrap)
2024-02-21,와이더블유 인터내셔날,냉동녹용,생녹용(냉동),뉴질랜드,뉴질랜드,,,2026-07-04T23:37:12Z (bootstrap)
2024-02-15,(주)천호엔케어,녹용,녹용(건조),뉴질랜드,뉴질랜드,2024-01-25 ~,,2026-07-04T23:37:12Z (bootstrap)
2024-02-15,(주)우성생약,녹용(건조),녹용(건조),뉴질랜드,중국,2024-01-22 ~,,2026-07-04T23:37:12Z (bootstrap)
2024-02-14,(주)온누리바이오생약,생녹용(냉동),생녹용(냉동),뉴질랜드,뉴질랜드,2024-01-31 ~,,2026-07-04T23:37:12Z (bootstrap)
2024-02-14,화용제약,생녹용(냉동),생녹용(냉동),뉴질랜드,뉴질랜드,2024-01-31 ~,,2026-07-04T23:37:12Z (bootstrap)
2024-02-07,와이더블유 인터내셔날,냉동녹용,생녹용(냉동),뉴질랜드,뉴질랜드,,,2026-07-04T23:37:12Z (bootstrap)
2024-02-07,(주)한국인삼공사,녹용(건조),녹용(건조),뉴질랜드,뉴질랜드,,,2026-07-04T23:37:12Z (bootstrap)
2024-02-07,(주)한국인삼공사,녹용(건조),녹용(건조),뉴질랜드,뉴질랜드,,,2026-07-04T23:37:12Z (bootstrap)
2024-02-07,(주)케이앤씨디어트레이드,생녹용(냉동),생녹용(냉동),뉴질랜드,뉴질랜드,,,2026-07-04T23:37:12Z (bootstrap)
2024-01-31,와이더블유 인터내셔날,냉동녹용,생녹용(냉동),뉴질랜드,뉴질랜드,,,2026-07-04T23:37:12Z (bootstrap)
2024-01-31,주식회사 유한건강생활,녹용,녹용(냉동),뉴질랜드,뉴질랜드,2024-01-15 ~,,2026-07-04T23:37:12Z (bootstrap)
2024-01-23,(주)케이앤씨디어트레이드,생녹용(냉동),생녹용(냉동),뉴질랜드,뉴질랜드,2024-01-08 ~,,2026-07-04T23:37:12Z (bootstrap)
2024-01-19,건향제약주식회사,건조녹용,녹용(건조),러시아,홍콩,2023-12-30 ~,,2026-07-04T23:37:12Z (bootstrap)
2024-01-19,한스약품주식회사,건조녹용,녹용(건조),중국,중국,,,2026-07-04T23:37:12Z (bootstrap)
2023-12-28,화용제약,생녹용(냉동),생녹용(냉동),뉴질랜드,뉴질랜드,2023-12-15 ~,,2026-07-04T23:37:12Z (bootstrap)
2023-12-19,(주)케이앤씨디어트레이드,생녹용(냉동),생녹용(냉동),뉴질랜드,뉴질랜드,,,2026-07-04T23:37:12Z (bootstrap)
2023-12-12,건향제약주식회사,건조녹용,녹용(건조),러시아,러시아,,,2026-07-04T23:37:12Z (bootstrap)
2023-12-11,(주)한국인삼공사,녹용(건조),녹용(건조),뉴질랜드,뉴질랜드,,,2026-07-04T23:37:12Z (bootstrap)
2023-12-06,향나바이오 주식회사,녹용,녹용(건조),뉴질랜드,홍콩,2023-11-10 ~,,2026-07-04T23:37:12Z (bootstrap)
2023-11-29,(주)케이앤씨디어트레이드,건조녹용,녹용(건조),뉴질랜드,홍콩,2023-11-02 ~,,2026-07-04T23:37:12Z (bootstrap)
2023-11-28,화용제약,녹용,녹용(건조),뉴질랜드,중국,2023-11-01 ~,,2026-07-04T23:37:12Z (bootstrap)
2023-11-23,(주)온누리바이오생약,녹용,녹용(건조),뉴질랜드,중국,2023-10-24 ~,,2026-07-04T23:37:12Z (bootstrap)
2023-11-20,와이더블유 인터내셔날,냉동녹용,생녹용(냉동),뉴질랜드,뉴질랜드,,,2026-07-04T23:37:12Z (bootstrap)
2023-11-20,온바이오,건조녹용,녹용(건조),뉴질랜드,중국,2023-10-16 ~,,2026-07-04T23:37:12Z (bootstrap)
2023-11-09,(주)한국인삼공사,건조녹용,녹용(건조),뉴질랜드,뉴질랜드,2023-10-10 ~,,2026-07-04T23:37:12Z (bootstrap)
2023-10-30,한스약품주식회사,건조녹용,녹용(건조),중국,중국,,,2026-07-04T23:37:12Z (bootstrap)
2023-10-30,밀리언 무역,건조녹용,녹용(건조),러시아,러시아,,,2026-07-04T23:37:12Z (bootstrap)
2023-10-12,(주)한국인삼공사,녹용(건조),녹용(건조),뉴질랜드,뉴질랜드,,,2026-07-04T23:37:12Z (bootstrap)
2023-10-12,(주)한국인삼공사,건조녹용,녹용(건조),뉴질랜드,뉴질랜드,2023-09-11 ~,,2026-07-04T23:37:12Z (bootstrap)
2023-10-05,주식회사 이룡제약,녹용,녹용(건조),뉴질랜드,중국,2023-08-28 ~,,2026-07-04T23:37:12Z (bootstrap)
2023-10-05,(주)케이앤씨디어트레이드,생녹용,생녹용(냉동),뉴질랜드,뉴질랜드,2023-08-23 ~,,2026-07-04T23:37:12Z (bootstrap)
2023-09-05,(주)한국인삼공사,녹용(건조),녹용(건조),뉴질랜드,뉴질랜드,,,2026-07-04T23:37:12Z (bootstrap)
2023-09-05,(주)한국인삼공사,건조녹용,녹용(건조),뉴질랜드,뉴질랜드,2023-08-09 ~,,2026-07-04T23:37:12Z (bootstrap)
2023-08-29,와이더블유 인터내셔날,냉동녹용,생녹용(냉동),뉴질랜드,뉴질랜드,,,2026-07-04T23:37:12Z (bootstrap)
2023-08-14,주식회사 비봉허브,녹용,녹용(건조),뉴질랜드,뉴질랜드,2023-07-28 ~,,2026-07-04T23:37:12Z (bootstrap)
2023-08-14,대호제약주식회사,건조녹용,녹용(건조),뉴질랜드,중국,2023-07-21 ~,,2026-07-04T23:37:12Z (bootstrap)
2023-08-14,(주)한국인삼공사,건조녹용,녹용(건조),뉴질랜드,뉴질랜드,2023-07-13 ~,,2026-07-04T23:37:12Z (bootstrap)
2023-08-02,주식회사 비봉허브,녹용,녹용(건조),뉴질랜드,뉴질랜드,2023-07-10 ~,,2026-07-04T23:37:12Z (bootstrap)
2023-07-25,와이더블유 인터내셔날,냉동녹용,생녹용(냉동),뉴질랜드,뉴질랜드,,,2026-07-04T23:37:12Z (bootstrap)
2023-07-25,화용제약,녹용,녹용(건조),뉴질랜드,중국,2023-07-04 ~,,2026-07-04T23:37:12Z (bootstrap)
2023-07-25,천지담은 바이오,녹용,녹용(건조),뉴질랜드,중국,2023-07-03 ~,,2026-07-04T23:37:12Z (bootstrap)
2023-07-25,향나바이오 주식회사,녹용,녹용(건조),뉴질랜드,중국,2023-07-03 ~,,2026-07-04T23:37:12Z (bootstrap)
2023-07-25,(주)케이앤씨디어트레이드,건조녹용,녹용(건조),뉴질랜드,중국,2023-06-28 ~,,2026-07-04T23:37:12Z (bootstrap)
2023-07-25,(주)한국인삼공사,건조녹용,녹용(건조),뉴질랜드,뉴질랜드,2023-06-09 ~,,2026-07-04T23:37:12Z (bootstrap)
2023-07-25,와이더블유 인터내셔날,냉동녹용,생녹용(냉동),뉴질랜드,뉴질랜드,,,2026-07-04T23:37:12Z (bootstrap)
2023-07-14,(주)케이앤씨디어트레이드,건조녹용,녹용(건조),뉴질랜드,중국,2023-06-18 ~,,2026-07-04T23:37:12Z (bootstrap)
2023-07-12,주식회사 이룡제약,녹용,녹용(건조),뉴질랜드,홍콩,2023-06-29 ~,,2026-07-04T23:37:12Z (bootstrap)
2023-07-11,화용제약,생녹용(냉동),생녹용(냉동),뉴질랜드,뉴질랜드,2023-07-04 ~,,2026-07-04T23:37:12Z (bootstrap)
2023-07-03,(주)한국인삼공사,녹용(건조),녹용(건조),뉴질랜드,뉴질랜드,,,2026-07-04T23:37:12Z (bootstrap)
2023-06-28,(주)한국인삼공사,생녹용(냉동),생녹용(냉동),뉴질랜드,뉴질랜드,,,2026-07-04T23:37:12Z (bootstrap)
2023-06-07,(주)한국인삼공사,건조녹용,녹용(건조),뉴질랜드,뉴질랜드,2023-05-12 ~,,2026-07-04T23:37:12Z (bootstrap)
2023-06-02,(주)한국인삼공사,녹용(건조),녹용(건조),뉴질랜드,뉴질랜드,,,2026-07-04T23:37:12Z (bootstrap)
2023-06-02,(주)우성생약,녹용(건조),녹용(건조),뉴질랜드,중국,2023-05-17 ~,,2026-07-04T23:37:12Z (bootstrap)
2023-05-23,화용제약,생녹용(냉동),생녹용(냉동),뉴질랜드,뉴질랜드,2023-05-10 ~,,2026-07-04T23:37:12Z (bootstrap)
2023-05-08,(주)한국인삼공사,건조녹용,녹용(건조),뉴질랜드,뉴질랜드,2023-03-04 ~,,2026-07-04T23:37:12Z (bootstrap)
2023-04-25,(주)한국인삼공사,녹용(건조),녹용(건조),뉴질랜드,뉴질랜드,,,2026-07-04T23:37:12Z (bootstrap)
2023-04-25,주식회사 이룡제약,녹용,녹용(건조),뉴질랜드,중국,2023-03-29 ~,,2026-07-04T23:37:12Z (bootstrap)
2023-04-25,대호제약주식회사,건조녹용,녹용(건조),뉴질랜드,중국,2023-04-09 ~,,2026-07-04T23:37:12Z (bootstrap)
2023-04-11,(주)온누리바이오생약,녹용,생녹용(냉동),뉴질랜드,뉴질랜드,2023-03-28 ~,,2026-07-04T23:37:12Z (bootstrap)
2023-04-11,케이앤씨(K&C),건조녹용,녹용(건조),뉴질랜드,중국,2023-03-26 ~,,2026-07-04T23:37:12Z (bootstrap)
2023-04-11,(주)바이오닷,생녹용,생녹용(냉동),뉴질랜드,뉴질랜드,2023-02-16 ~,,2026-07-04T23:37:12Z (bootstrap)
2023-04-04,(주)한국인삼공사,건조녹용,녹용(건조),뉴질랜드,뉴질랜드,2023-03-09 ~,,2026-07-04T23:37:12Z (bootstrap)
2023-04-04,화용제약,생녹용(냉동),생녹용(냉동),뉴질랜드,뉴질랜드,2023-03-21 ~,,2026-07-04T23:37:12Z (bootstrap)
2023-04-04,와이더블유 인터내셔날,냉동녹용,생녹용(냉동),뉴질랜드,뉴질랜드,,,2026-07-04T23:37:12Z (bootstrap)
2023-03-30,와이더블유 인터내셔날,냉동녹용,생녹용(냉동),뉴질랜드,뉴질랜드,,,2026-07-04T23:37:12Z (bootstrap)
2023-03-28,(주)천호엔케어,녹용,녹용(건조),뉴질랜드,뉴질랜드,2023-03-06 ~,,2026-07-04T23:37:12Z (bootstrap)
2023-03-24,(주)시원생약,생녹용,생녹용(냉동),뉴질랜드,뉴질랜드,2023-03-06 ~,,2026-07-04T23:37:12Z (bootstrap)
2023-03-21,(주)한국인삼공사,녹용(건조),녹용(건조),뉴질랜드,뉴질랜드,,,2026-07-04T23:37:12Z (bootstrap)
2023-03-13,(주)온누리바이오생약,녹용,녹용(건조),러시아,러시아,2023-02-15 ~,,2026-07-04T23:37:12Z (bootstrap)
2023-03-07,와이더블유 인터내셔날,냉동녹용,생녹용(냉동),뉴질랜드,뉴질랜드,,,2026-07-04T23:37:12Z (bootstrap)
2023-02-28,와이더블유 인터내셔날,냉동녹용,생녹용(냉동),뉴질랜드,뉴질랜드,,,2026-07-04T23:37:12Z (bootstrap)
2023-02-28,(주)한국인삼공사,건조녹용,녹용(건조),뉴질랜드,뉴질랜드,2023-02-07 ~,,2026-07-04T23:37:12Z (bootstrap)
2023-02-28,화용제약,생녹용(냉동),생녹용(냉동),뉴질랜드,뉴질랜드,2023-02-13 ~,,2026-07-04T23:37:12Z (bootstrap)
2023-02-17,(주)한국인삼공사,녹용(건조),녹용(건조),뉴질랜드,뉴질랜드,,,2026-07-04T23:37:12Z (bootstrap)
2023-02-08,와이더블유 인터내셔날,냉동녹용,생녹용(냉동),뉴질랜드,뉴질랜드,,,2026-07-04T23:37:12Z (bootstrap)
2023-02-03,(주)한국인삼공사,건조녹용,녹용(건조),뉴질랜드,뉴질랜드,2023-01-11 ~,,2026-07-04T23:37:12Z (bootstrap)
2023-02-03,흥수녹용,녹용(건조),녹용(건조),러시아,러시아,,,2026-07-04T23:37:12Z (bootstrap)
2023-01-31,(주)케이앤씨디어트레이드,생녹용(냉동),생녹용(냉동),뉴질랜드,뉴질랜드,2022-12-22 ~,,2026-07-04T23:37:12Z (bootstrap)
2023-01-25,(주)한국인삼공사,녹용(건조),녹용(건조),뉴질랜드,뉴질랜드,,,2026-07-04T23:37:12Z (bootstrap)
2023-01-25,(주)이룸제약법인,건조녹용,녹용(건조),뉴질랜드,중국,2023-01-04 ~,,2026-07-04T23:37:12Z (bootstrap)
2023-01-17,(주)이룸제약법인,건조녹용,녹용(건조),뉴질랜드,중국,2023-01-04 ~,,2026-07-04T23:37:12Z (bootstrap)
2023-01-10,와이더블유 인터내셔날,냉동녹용,생녹용(냉동),뉴질랜드,뉴질랜드,,,2026-07-04T23:37:12Z (bootstrap)
2023-01-03,화용제약,생녹용(냉동),생녹용(냉동),뉴질랜드,뉴질랜드,2022-12-16 ~,,2026-07-04T23:37:12Z (bootstrap)
2022-12-21,유진통상,건조녹용,녹용(건조),러시아,러시아,,,2026-07-04T23:37:12Z (bootstrap)
2022-12-21,유진통상,건조녹용,녹용(건조),뉴질랜드,중국,2022-11-30 ~,,2026-07-04T23:37:12Z (bootstrap)
2022-12-21,(주)온누리바이오생약,녹용,녹용(냉동),뉴질랜드,뉴질랜드,2022-12-05 ~,,2026-07-04T23:37:12Z (bootstrap)
2022-12-15,(주)케이앤씨디어트레이드,생녹용(냉동),생녹용(냉동),뉴질랜드,뉴질랜드,2022-12-08 ~,,2026-07-04T23:37:12Z (bootstrap)
2022-12-13,(주)바이오닷,생녹용(냉동),생녹용(냉동),뉴질랜드,뉴질랜드,2022-12-07 ~,,2026-07-04T23:37:12Z (bootstrap)
2022-12-13,화용제약,생녹용(냉동),생녹용(냉동),뉴질랜드,뉴질랜드,2022-12-01 ~,,2026-07-04T23:37:12Z (bootstrap)
2022-12-13,일성식품,녹용,녹용(건조),뉴질랜드,중국,2022-11-16 ~,,2026-07-04T23:37:12Z (bootstrap)
2022-12-07,조은생약,녹용,녹용(건조),러시아,러시아,2022-10-24 ~,,2026-07-04T23:37:12Z (bootstrap)
2022-11-21,(주)온누리바이오생약,녹용,녹용(건조),뉴질랜드,중국,2022-10-18 ~,,2026-07-04T23:37:12Z (bootstrap)
2022-11-21,주식회사 이룡제약,녹용,녹용(건조),뉴질랜드,중국,2022-11-02 ~,,2026-07-04T23:37:12Z (bootstrap)
2022-11-03,(주)대원알디티,녹용(건조),녹용(건조),러시아,러시아,,,2026-07-04T23:37:12Z (bootstrap)
2022-11-03,삼보제약,녹용(건조),녹용(건조),뉴질랜드,뉴질랜드,2022-10-14 ~,,2026-07-04T23:37:12Z (bootstrap)
2022-10-26,주식회사 이룡제약,녹용,녹용(건조),뉴질랜드,중국,2022-09-13 ~,,2026-07-04T23:37:12Z (bootstrap)
2022-10-18,(주)한국인삼공사,녹용(건조),녹용(건조),뉴질랜드,뉴질랜드,,,2026-07-04T23:37:12Z (bootstrap)
2022-10-04,(주)한국인삼공사,녹용(건조),녹용(건조),,,,,2026-07-04T23:37:12Z (bootstrap)
2022-09-23,(주)한국인삼공사,녹용(건조),녹용(건조),,,,,2026-07-04T23:37:12Z (bootstrap)
2022-09-15,와이더블유 인터내셔날,냉동녹용,생녹용(냉동),,,,,2026-07-04T23:37:12Z (bootstrap)
2022-09-02,(주)한국인삼공사,녹용(건조),녹용(건조),,,,,2026-07-04T23:37:12Z (bootstrap)
2022-08-29,주식회사 비봉허브,녹용,녹용(건조),,,,,2026-07-04T23:37:12Z (bootstrap)
2022-08-24,(주)한국인삼공사,녹용(건조),녹용(건조),,,,,2026-07-04T23:37:12Z (bootstrap)
2022-08-08,주식회사 이룡제약,녹용,녹용(건조),,,,,2026-07-04T23:37:12Z (bootstrap)
2022-08-05,유진통상,건조녹용,녹용(건조),,,,,2026-07-04T23:37:12Z (bootstrap)
2022-08-04,(주)온누리바이오생약,녹용,녹용(냉동),,,,,2026-07-04T23:37:12Z (bootstrap)
2022-07-29,(주)한국인삼공사,녹용(건조),녹용(건조),,,,,2026-07-04T23:37:12Z (bootstrap)
2022-07-12,(주)한국인삼공사,녹용(건조),녹용(건조),,,,,2026-07-04T23:37:12Z (bootstrap)
2022-07-07,(주)케이앤씨디어트레이드,생녹용(냉동),생녹용(냉동),,,,,2026-07-04T23:37:12Z (bootstrap)
2022-07-05,와이더블유 인터내셔날,냉동녹용,생녹용(냉동),,,,,2026-07-04T23:37:12Z (bootstrap)
2022-06-30,주식회사 한방인 농업법인회사,건조녹용,녹용(건조),,,,,2026-07-04T23:37:12Z (bootstrap)
2022-06-30,(주)한국인삼공사,녹용(건조),녹용(건조),,,,,2026-07-04T23:37:12Z (bootstrap)
2022-06-22,화용제약,생녹용(냉동),생녹용(냉동),,,,,2026-07-04T23:37:12Z (bootstrap)
2022-06-15,(주)이룸제약법인,건조녹용,녹용(건조),,,,,2026-07-04T23:37:12Z (bootstrap)
2022-06-07,(주)한국인삼공사,건조녹용,녹용(건조),,,,,2026-07-04T23:37:12Z (bootstrap)
2022-05-19,(주)시원생약,생녹용,생녹용(냉동),,,,,2026-07-04T23:37:12Z (bootstrap)
2022-05-11,(주)케이앤씨디어트레이드,생녹용,생녹용(냉동),,,,,2026-07-04T23:37:12Z (bootstrap)
2022-05-11,와이더블유 인터내셔날,냉동녹용,생녹용(냉동),,,,,2026-07-04T23:37:12Z (bootstrap)
2022-05-09,(주)한국인삼공사,녹용(건조),녹용(건조),,,,,2026-07-04T23:37:12Z (bootstrap)
2022-05-09,주식회사 비봉허브,녹용(건조),녹용(건조),,,,,2026-07-04T23:37:12Z (bootstrap)
2022-05-09,하랑무약,녹용(건조),녹용(건조),,,,,2026-07-04T23:37:12Z (bootstrap)
2022-05-09,(주)용보제약,녹용(건조),녹용(건조),,,,,2026-07-04T23:37:12Z (bootstrap)
2022-05-09,(주)우성생약,녹용(건조),녹용(건조),,,,,2026-07-04T23:37:12Z (bootstrap)
2022-04-25,한선트레이딩 주식회사,건조녹용,녹용(건조),,,,,2026-07-04T23:37:12Z (bootstrap)
2022-04-18,(주)천호엔케어,건조녹용,녹용(건조),,,,,2026-07-04T23:37:12Z (bootstrap)
2022-04-18,(주)한국인삼공사,건조녹용,녹용(건조),,,,,2026-07-04T23:37:12Z (bootstrap)
2022-04-18,(주)온누리바이오생약,녹용,녹용(건조),,,,,2026-07-04T23:37:12Z (bootstrap)
2022-04-12,(주)케이앤씨디어트레이드,생녹용(냉동),생녹용(냉동),,,,,2026-07-04T23:37:12Z (bootstrap)
2022-04-06,(주)한국인삼공사,건조녹용,녹용(건조),,,,,2026-07-04T23:37:12Z (bootstrap)
2022-04-06,케이앤씨(K&C),건조녹용,녹용(건조),,,,,2026-07-04T23:37:12Z (bootstrap)
2022-04-06,(주)이룸제약법인,건조녹용,녹용(건조),,,,,2026-07-04T23:37:12Z (bootstrap)
2022-04-01,(주)한국인삼공사,건조녹용,녹용(건조),,,,,2026-07-04T23:37:12Z (bootstrap)
2022-04-01,향나바이오 주식회사,녹용,녹용(건조),,,,,2026-07-04T23:37:12Z (bootstrap)
2022-03-18,(주)한국인삼공사,건조녹용,녹용(건조),,,,,2026-07-04T23:37:12Z (bootstrap)
2022-03-15,(주)케이앤씨디어트레이드,생녹용(냉동),생녹용(냉동),,,,,2026-07-04T23:37:12Z (bootstrap)
2022-03-10,일성식품,녹용,녹용(건조),,,,,2026-07-04T23:37:12Z (bootstrap)
2022-02-21,주식회사 비봉허브,녹용(건조),녹용(건조),,,,,2026-07-04T23:37:12Z (bootstrap)
2022-02-16,비아텍주식회사,녹용(건조),녹용(건조),,,,,2026-07-04T23:37:12Z (bootstrap)
2022-02-15,향나바이오 주식회사,녹용,녹용(건조),,,,,2026-07-04T23:37:12Z (bootstrap)
2022-02-10,명가녹용 주식회사,녹용,녹용(건조),,,,,2026-07-04T23:37:12Z (bootstrap)
2022-02-03,화용제약,녹용,녹용(건조),,,,,2026-07-04T23:37:12Z (bootstrap)
2022-01-27,명가녹용 주식회사,생녹용,생녹용(냉동),,,,,2026-07-04T23:37:12Z (bootstrap)
2022-01-26,(주)바이오닷,생녹용,생녹용(냉동),,,,,2026-07-04T23:37:12Z (bootstrap)
2022-01-25,주식회사 이룡제약,녹용,녹용(냉동),,,,,2026-07-04T23:37:12Z (bootstrap)
2022-01-24,일성식품,녹용,녹용(건조),,,,,2026-07-04T23:37:12Z (bootstrap)
2022-01-20,(주)케이앤씨디어트레이드,생녹용(냉동),생녹용(냉동),,,,,2026-07-04T23:37:12Z (bootstrap)
2022-01-17,(주)케이앤씨디어트레이드,생녹용(냉동),생녹용(냉동),,,,,2026-07-04T23:37:12Z (bootstrap)
2022-01-17,(주)케이앤씨디어트레이드,생녹용(냉동),생녹용(냉동),,,,,2026-07-04T23:37:12Z (bootstrap)
2022-01-11,와이더블유 인터내셔날,생녹용(냉동),,,,,,2026-07-04T23:37:12Z (bootstrap)
2021-12-28,(주)이룸제약법인,건조녹용,,,,,,2026-07-04T23:37:12Z (bootstrap)
2021-12-24,(주)바이오닷,생녹용,,,,,,2026-07-04T23:37:12Z (bootstrap)
2021-12-24,(주)우성생약,녹용(건조),,,,,,2026-07-04T23:37:12Z (bootstrap)
2021-11-24,태안약업(주),녹용,,,,,,2026-07-04T23:37:12Z (bootstrap)
2021-11-22,향나바이오 주식회사,녹용,,,,,,2026-07-04T23:37:12Z (bootstrap)
2021-11-22,일성식품,녹용,,,,,,2026-07-04T23:37:12Z (bootstrap)
2021-11-22,와이더블유 인터내셔날,녹용,,,,,,2026-07-04T23:37:12Z (bootstrap)
2021-11-22,조은생약,녹용,,,,,,2026-07-04T23:37:12Z (bootstrap)
2021-11-15,명가녹용 주식회사,녹용,,,,,,2026-07-04T23:37:12Z (bootstrap)
2021-11-09,케이앤씨(K&C),건조녹용,,,,,,2026-07-04T23:37:12Z (bootstrap)
2021-11-09,비아텍주식회사,녹용(건조),,,,,,2026-07-04T23:37:12Z (bootstrap)
2021-11-05,(주)대원알디티,녹용(건조),,,,,,2026-07-04T23:37:12Z (bootstrap)
2021-11-05,(주)온누리바이오생약,녹용,,,,,,2026-07-04T23:37:12Z (bootstrap)
2021-11-05,(주)대흥제약,녹용,,,,,,2026-07-04T23:37:12Z (bootstrap)
2021-11-02,와이더블유 인터내셔날,녹용,,,,,,2026-07-04T23:37:12Z (bootstrap)
2021-10-25,흥수녹용,녹용(건조),,,,,,2026-07-04T23:37:12Z (bootstrap)
2021-10-19,(주)케이앤씨디어트레이드,생녹용,,,,,,2026-07-04T23:37:12Z (bootstrap)
2021-10-01,케이앤씨(K&C),건조녹용,,,,,,2026-07-04T23:37:12Z (bootstrap)
2021-10-01,우성생약(주),녹용(건조),,,,,,2026-07-04T23:37:12Z (bootstrap)
2021-10-01,유진통상,건조녹용,,,,,,2026-07-04T23:37:12Z (bootstrap)
2021-09-24,화용제약,녹용,,,,,,2026-07-04T23:37:12Z (bootstrap)
2021-09-13,향나바이오 주식회사,녹용,,,,,,2026-07-04T23:37:12Z (bootstrap)
2021-09-06,(주)온누리바이오생약,녹용,,,,,,2026-07-04T23:37:12Z (bootstrap)
2021-08-31,(주)이룸제약법인,건조녹용,,,,,,2026-07-04T23:37:12Z (bootstrap)
2021-08-23,(주)온누리바이오생약,녹용,,,,,,2026-07-04T23:37:12Z (bootstrap)
2021-08-23,주식회사 비봉허브,녹용(건조),,,,,,2026-07-04T23:37:12Z (bootstrap)
2021-08-18,(주)이룸제약법인,건조녹용,,,,,,2026-07-04T23:37:12Z (bootstrap)
2021-08-09,(주)한국인삼공사,건조녹용,,,,,,2026-07-04T23:37:12Z (bootstrap)
2021-07-20,(주)한국인삼공사,건조녹용,,,,,,2026-07-04T23:37:12Z (bootstrap)
2021-07-20,(주)이룸제약법인,건조녹용,,,,,,2026-07-04T23:37:12Z (bootstrap)
2021-07-14,와이더블유 인터내셔날,냉동녹용,,,,,,2026-07-04T23:37:12Z (bootstrap)
2021-07-12,(주)한국인삼공사,건조녹용,,,,,,2026-07-04T23:37:12Z (bootstrap)
2021-06-30,(주)시원생약,생녹용,,,,,,2026-07-04T23:37:12Z (bootstrap)
2021-06-28,명가녹용 주식회사,생녹용,,,,,,2026-07-04T23:37:12Z (bootstrap)
2021-06-28,(주)한국인삼공사,건조녹용,,,,,,2026-07-04T23:37:12Z (bootstrap)
2021-06-01,(주)대한녹용수출입법인,녹용(건조),,,,,,2026-07-04T23:37:12Z (bootstrap)
2021-06-01,(주)온누리바이오생약,녹용,,,,,,2026-07-04T23:37:12Z (bootstrap)
2021-06-01,주식회사 이룡제약,녹용,,,,,,2026-07-04T23:37:12Z (bootstrap)
2021-05-31,유진통상,건조녹용,,,,,,2026-07-04T23:37:12Z (bootstrap)
2021-05-26,(주)한국인삼공사,건조녹용,,,,,,2026-07-04T23:37:12Z (bootstrap)
2021-05-26,(주)한국인삼공사,녹용(건조),,,,,,2026-07-04T23:37:12Z (bootstrap)
2021-05-18,와이더블유 인터내셔날,냉동녹용,,,,,,2026-07-04T23:37:12Z (bootstrap)
2021-05-14,(주)이룸제약법인,건조녹용,,,,,,2026-07-04T23:37:12Z (bootstrap)
2021-04-29,건향제약주식회사,녹용(건조),,,,,,2026-07-04T23:37:12Z (bootstrap)
2021-04-29,(주)한국인삼공사,녹용(건조),,,,,,2026-07-04T23:37:12Z (bootstrap)
2021-04-09,(주)한국인삼공사,건조녹용,,,,,,2026-07-04T23:37:12Z (bootstrap)
2021-04-06,(주)바이오닷,생녹용,,,,,,2026-07-04T23:37:12Z (bootstrap)
2021-03-30,(주)우성생약,녹용(건조),,,,,,2026-07-04T23:37:12Z (bootstrap)
2021-03-26,(주)케이앤씨디어트레이드,녹용(건조),,,,,,2026-07-04T23:37:12Z (bootstrap)
2021-03-24,(주)천호엔케어,건조녹용,,,,,,2026-07-04T23:37:12Z (bootstrap)
2021-03-17,(주)한국인삼공사,건조녹용,,,,,,2026-07-04T23:37:12Z (bootstrap)
2021-02-25,화용제약,생녹용(냉동),,,,,,2026-07-04T23:37:12Z (bootstrap)
2021-02-24,한네이처(Hannature),녹용,,,,,,2026-07-04T23:37:12Z (bootstrap)
2021-02-16,(주)케이앤씨디어트레이드,생녹용,,,,,,2026-07-04T23:37:12Z (bootstrap)
2021-02-02,(주)한동허브,생녹용(냉동),,,,,,2026-07-04T23:37:12Z (bootstrap)
2021-02-01,흥수녹용,녹용(건조),,,,,,2026-07-04T23:37:12Z (bootstrap)
2021-01-27,(주)진수녹용,녹용(건조),,,,,,2026-07-04T23:37:12Z (bootstrap)
2021-01-26,화용제약,생녹용(냉동),,,,,,2026-07-04T23:37:12Z (bootstrap)
2021-01-22,삼보제약,생녹용,,,,,,2026-07-04T23:37:12Z (bootstrap)
2021-01-22,(주)온누리바이오생약,녹용,,,,,,2026-07-04T23:37:12Z (bootstrap)
2021-01-05,(주)대원알디티,녹용(건조),,,,,,2026-07-04T23:37:12Z (bootstrap)
2021-01-04,조은생약,녹용,,,,,,2026-07-04T23:37:12Z (bootstrap)
2020-12-17,유진통상,건조녹용,,,,,,2026-07-04T23:37:12Z (bootstrap)
2020-12-09,진가식품,생녹용(냉동),,,,,,2026-07-04T23:37:12Z (bootstrap)
2020-12-09,원용본가,건조녹용(전지),,,,,,2026-07-04T23:37:12Z (bootstrap)
2020-11-27,주식회사 유한건강생활,녹용,,,,,,2026-07-04T23:37:12Z (bootstrap)
2020-11-27,(주)대흥제약,녹용,,,,,,2026-07-04T23:37:12Z (bootstrap)
2020-11-27,(주)우성생약,녹용(건조),,,,,,2026-07-04T23:37:12Z (bootstrap)
2020-11-23,주식회사 이룡제약,건조녹용,,,,,,2026-07-04T23:37:12Z (bootstrap)
2020-11-09,유진통상,건조녹용,,,,,,2026-07-04T23:37:12Z (bootstrap)
2020-11-09,(주)이룸제약법인,건조녹용,,,,,,2026-07-04T23:37:12Z (bootstrap)
2020-11-04,(주)대원알디티,녹용(건조),,,,,,2026-07-04T23:37:12Z (bootstrap)
2020-11-04,일성식품,녹용,,,,,,2026-07-04T23:37:12Z (bootstrap)
2020-10-19,(주)이룸제약법인,건조녹용,,,,,,2026-07-04T23:37:12Z (bootstrap)
2020-09-25,원용본가,건조녹용(전지),,,,,,2026-07-04T23:37:12Z (bootstrap)
2020-09-04,주식회사 한국인삼공사,녹용(건조),,,,,,2026-07-04T23:37:12Z (bootstrap)
2020-09-02,(주)진수녹용,녹용(건조),,,,,,2026-07-04T23:37:12Z (bootstrap)
2020-08-26,(주)한동허브,생녹용,,,,,,2026-07-04T23:37:12Z (bootstrap)
2020-08-13,주식회사 한국인삼공사,녹용(건조),,,,,,2026-07-04T23:37:12Z (bootstrap)
2020-08-05,주식회사 한국인삼공사,녹용(건조),,,,,,2026-07-04T23:37:12Z (bootstrap)
2020-07-21,와이더블유 인터내셔날,냉동녹용,,,,,,2026-07-04T23:37:12Z (bootstrap)
2020-07-20,주식회사 한국인삼공사,녹용(건조),,,,,,2026-07-04T23:37:12Z (bootstrap)
2020-07-01,주식회사 한국인삼공사,녹용(건조),,,,,,2026-07-04T23:37:12Z (bootstrap)
2020-06-22,주식회사 한국인삼공사,녹용(건조),,,,,,2026-07-04T23:37:12Z (bootstrap)
2020-06-22,주식회사 한국인삼공사,녹용(건조),,,,,,2026-07-04T23:37:12Z (bootstrap)
2020-06-22,(주)우성생약,녹용(건조),,,,,,2026-07-04T23:37:12Z (bootstrap)
2020-06-09,(주)케이앤씨디어트레이드,생녹용,,,,,,2026-07-04T23:37:12Z (bootstrap)
2020-06-09,주식회사 한국인삼공사,녹용(건조),,,,,,2026-07-04T23:37:12Z (bootstrap)
2020-06-05,(주)용보제약,녹용,,,,,,2026-07-04T23:37:12Z (bootstrap)
2020-06-04,주식회사 비봉허브,녹용(건조),,,,,,2026-07-04T23:37:12Z (bootstrap)
2020-05-27,(주)케이앤씨디어트레이드,생녹용,,,,,,2026-07-04T23:37:12Z (bootstrap)
2020-05-25,주식회사 한국인삼공사,녹용(건조),,,,,,2026-07-04T23:37:12Z (bootstrap)
2020-04-28,주식회사 이룡제약,건조녹용,,,,,,2026-07-04T23:37:12Z (bootstrap)
2020-03-25,주식회사 한국인삼공사,건조녹용,,,,,,2026-07-04T23:37:12Z (bootstrap)
2020-03-23,(주)한동허브,생녹용,,,,,,2026-07-04T23:37:12Z (bootstrap)
2020-03-16,유진통상,건조녹용,,,,,,2026-07-04T23:37:12Z (bootstrap)
2020-03-03,주식회사 한국인삼공사,건조녹용,,,,,,2026-07-04T23:37:12Z (bootstrap)
2020-02-25,주식회사 한국인삼공사,건조녹용,,,,,,2026-07-04T23:37:12Z (bootstrap)
2020-02-25,와이더블유 인터내셔날,냉동녹용,,,,,,2026-07-04T23:37:12Z (bootstrap)
2020-02-25,(주)천호엔케어,건조녹용,,,,,,2026-07-04T23:37:12Z (bootstrap)
2020-02-21,(주)대흥제약,녹용,,,,,,2026-07-04T23:37:12Z (bootstrap)
2020-02-14,진가식품,생녹용,,,,,,2026-07-04T23:37:12Z (bootstrap)
2020-02-14,(주)원경약업사,냉동녹용,,,,,,2026-07-04T23:37:12Z (bootstrap)
2020-02-13,일성식품,녹용,,,,,,2026-07-04T23:37:12Z (bootstrap)
2020-02-13,주식회사 비봉허브,건조녹용,,,,,,2026-07-04T23:37:12Z (bootstrap)
2020-01-21,(주)케이앤씨디어트레이드,생녹용,,,,,,2026-07-04T23:37:12Z (bootstrap)
2020-01-10,와이더블유 인터내셔날,냉동녹용,,,,,,2026-07-04T23:37:12Z (bootstrap)
2020-01-08,(주)대덕제약,녹용,,,,,,2026-07-04T23:37:12Z (bootstrap)
2020-01-08,명가녹용 주식회사,녹용,,,,,,2026-07-04T23:37:12Z (bootstrap)
2020-01-06,(주)대원알디티,건녹용,,,,,,2026-07-04T23:37:12Z (bootstrap)
2020-01-06,건향제약주식회사,건조녹용,,,,,,2026-07-04T23:37:12Z (bootstrap)
2019-12-31,(주)케이앤씨디어트레이드,생녹용,,,,,,2026-07-04T23:37:12Z (bootstrap)
2019-12-18,진가식품,생녹용,,,,,,2026-07-04T23:37:12Z (bootstrap)
2019-12-13,(주)온누리바이오생약,생녹용,,,,,,2026-07-04T23:37:12Z (bootstrap)
2019-12-03,와이더블유 인터내셔날,냉동녹용,,,,,,2026-07-04T23:37:12Z (bootstrap)
2019-12-03,(주)케이앤씨디어트레이드,생녹용,,,,,,2026-07-04T23:37:12Z (bootstrap)
2019-11-28,대호제약주식회사,생녹용,,,,,,2026-07-04T23:37:12Z (bootstrap)
2019-10-28,(주)대원알디티,건녹용,,,,,,2026-07-04T23:37:12Z (bootstrap)
2019-10-21,주식회사 한국인삼공사,건조녹용,,,,,,2026-07-04T23:37:12Z (bootstrap)
2019-10-21,일성식품,녹용,,,,,,2026-07-04T23:37:12Z (bootstrap)
2019-10-17,(주)대흥제약,녹용,,,,,,2026-07-04T23:37:12Z (bootstrap)
2019-10-17,진가식품,생녹용,,,,,,2026-07-04T23:37:12Z (bootstrap)
2019-10-15,유진통상,건조녹용,,,,,,2026-07-04T23:37:12Z (bootstrap)
2019-10-02,한동허브,생녹용,,,,,,2026-07-04T23:37:12Z (bootstrap)
2019-09-25,주식회사 한국인삼공사,건조녹용,,,,,,2026-07-04T23:37:12Z (bootstrap)
2019-08-28,(주)케이앤씨디어트레이드,생녹용,,,,,,2026-07-04T23:37:12Z (bootstrap)
2019-08-28,주식회사 한국인삼공사,건조녹용,,,,,,2026-07-04T23:37:12Z (bootstrap)
2019-08-28,(주)우성생약,건조녹용,,,,,,2026-07-04T23:37:12Z (bootstrap)
2019-08-28,주식회사 비봉허브,건조녹용,,,,,,2026-07-04T23:37:12Z (bootstrap)
2019-08-06,주식회사 한국인삼공사,건조녹용,,,,,,2026-07-04T23:37:12Z (bootstrap)
2019-08-06,유진통상,건조녹용,,,,,,2026-07-04T23:37:12Z (bootstrap)
2019-07-29,화용제약,녹용,,,,,,2026-07-04T23:37:12Z (bootstrap)
2019-07-25,(주)케이앤씨디어트레이드,생녹용,,,,,,2026-07-04T23:37:12Z (bootstrap)
2019-07-12,유진통상,건조녹용,,,,,,2026-07-04T23:37:12Z (bootstrap)
2019-07-02,(주)원경약업사,건조녹용,,,,,,2026-07-04T23:37:12Z (bootstrap)
2019-07-02,(주)케이앤씨디어트레이드,건녹용,,,,,,2026-07-04T23:37:12Z (bootstrap)
2019-07-02,(주)케이앤씨디어트레이드,건녹용,,,,,,2026-07-04T23:37:12Z (bootstrap)
2019-06-28,진가식품,생녹용,,,,,,2026-07-04T23:37:12Z (bootstrap)
2019-06-25,주식회사 한국인삼공사,건조녹용,,,,,,2026-07-04T23:37:12Z (bootstrap)
2019-06-04,유진통상,건조녹용,,,,,,2026-07-04T23:37:12Z (bootstrap)
2019-05-21,주식회사 한국인삼공사,건조녹용,,,,,,2026-07-04T23:37:12Z (bootstrap)
2019-05-21,주식회사 한국인삼공사,건조녹용,,,,,,2026-07-04T23:37:12Z (bootstrap)
2019-05-21,(주)천호엔케어,건조녹용,,,,,,2026-07-04T23:37:12Z (bootstrap)
2019-05-09,와이더블유 인터내셔날,냉동녹용,,,,,,2026-07-04T23:37:12Z (bootstrap)
2019-05-01,하랑무약,생녹용,,,,,,2026-07-04T23:37:12Z (bootstrap)
2019-04-23,진가식품,생녹용,,,,,,2026-07-04T23:37:12Z (bootstrap)
2019-04-23,(주)케이앤씨디어트레이드,생녹용,,,,,,2026-07-04T23:37:12Z (bootstrap)
2019-04-22,주식회사 비봉허브,건조녹용,,,,,,2026-07-04T23:37:12Z (bootstrap)
2019-04-17,명가녹용 주식회사,녹용,,,,,,2026-07-04T23:37:12Z (bootstrap)
2019-04-16,(주)용보제약,녹용,,,,,,2026-07-04T23:37:12Z (bootstrap)
2019-04-04,주식회사 한국인삼공사,건조녹용,,,,,,2026-07-04T23:37:12Z (bootstrap)
2019-04-04,주식회사 한국인삼공사,건조녹용,,,,,,2026-07-04T23:37:12Z (bootstrap)
2019-03-28,(주)천호엔케어,건조녹용,,,,,,2026-07-04T23:37:12Z (bootstrap)
2019-03-27,(주)케이앤씨디어트레이드,생녹용,,,,,,2026-07-04T23:37:12Z (bootstrap)
2019-03-15,진가식품,생녹용,,,,,,2026-07-04T23:37:12Z (bootstrap)
2019-02-27,와이더블유 인터내셔날,냉동녹용,,,,,,2026-07-04T23:37:12Z (bootstrap)
2019-02-15,주식회사 한국인삼공사,건조녹용,,,,,,2026-07-04T23:37:12Z (bootstrap)
2019-02-15,(주)디에이치지글로벌,녹용,,,,,,2026-07-04T23:37:12Z (bootstrap)
2019-02-12,(주)케이앤씨디어트레이드,생녹용,,,,,,2026-07-04T23:37:12Z (bootstrap)
2019-02-08,한동허브,생녹용,,,,,,2026-07-04T23:37:12Z (bootstrap)
2019-01-31,와이더블유 인터내셔날,냉동녹용,,,,,,2026-07-04T23:37:12Z (bootstrap)
2019-01-28,조은생약,녹용,,,,,,2026-07-04T23:37:12Z (bootstrap)
2019-01-24,주식회사 비봉허브,건조녹용,,,,,,2026-07-04T23:37:12Z (bootstrap)
2019-01-15,일성식품,녹용,,,,,,2026-07-04T23:37:12Z (bootstrap)
2019-01-15,신송강무역,녹용,,,,,,2026-07-04T23:37:12Z (bootstrap)
2018-12-26,화용제약,녹용,,,,,,2026-07-04T23:37:12Z (bootstrap)
2018-12-26,한동허브,생녹용,,,,,,2026-07-04T23:37:12Z (bootstrap)
2018-12-21,(주)케이앤씨디어트레이드,생녹용,,,,,,2026-07-04T23:37:12Z (bootstrap)
2018-12-18,(주)진수녹용,건조녹용,,,,,,2026-07-04T23:37:12Z (bootstrap)
2018-12-14,(주)대흥제약,녹용,,,,,,2026-07-04T23:37:12Z (bootstrap)
2018-12-13,(주)케이앤씨디어트레이드,생녹용,,,,,,2026-07-04T23:37:12Z (bootstrap)
2018-12-06,와이더블유 인터내셔날,녹용,,,,,,2026-07-04T23:37:12Z (bootstrap)
2018-12-05,㈜대흥제약,건조녹용,,,,,,2026-07-04T23:37:12Z (bootstrap)
2018-11-23,(주)한국온누리제약,생녹용,,,,,,2026-07-04T23:37:12Z (bootstrap)
2018-11-09,일성식품,건조녹용,,,,,,2026-07-04T23:37:12Z (bootstrap)
2018-10-17,주식회사 한국인삼공사,건조녹용,,,,,,2026-07-04T23:37:12Z (bootstrap)
2018-10-16,(주)케이앤씨디어트레이드,생녹용,,,,,,2026-07-04T23:37:12Z (bootstrap)
2018-10-11,주식회사 한국인삼공사,건조녹용,,,,,,2026-07-04T23:37:12Z (bootstrap)
2018-10-10,(주)시원생약,생녹용,,,,,,2026-07-04T23:37:12Z (bootstrap)
2018-09-13,주식회사 한국인삼공사,건조녹용,,,,,,2026-07-04T23:37:12Z (bootstrap)
2018-08-30,주식회사 한국인삼공사,건조녹용,,,,,,2026-07-04T23:37:12Z (bootstrap)
2018-08-30,주식회사 비봉허브,건조녹용,,,,,,2026-07-04T23:37:12Z (bootstrap)
2018-08-21,(주)유한양행,생녹용,,,,,,2026-07-04T23:37:12Z (bootstrap)
2018-08-14,주식회사 한국인삼공사,건조녹용,,,,,,2026-07-04T23:37:12Z (bootstrap)
2018-07-31,주식회사 한국인삼공사,건조녹용,,,,,,2026-07-04T23:37:12Z (bootstrap)
2018-07-24,(주)용보제약,건조녹용,,,,,,2026-07-04T23:37:12Z (bootstrap)
2018-07-18,유진통상,생녹용,,,,,,2026-07-04T23:37:12Z (bootstrap)
2018-07-18,명가녹용 주식회사,건조녹용,,,,,,2026-07-04T23:37:12Z (bootstrap)
2018-07-16,주식회사 한국인삼공사,건조녹용,,,,,,2026-07-04T23:37:12Z (bootstrap)
2018-07-10,화용제약,건조녹용,,,,,,2026-07-04T23:37:12Z (bootstrap)
2018-06-29,주식회사 한국인삼공사,건조녹용,,,,,,2026-07-04T23:37:12Z (bootstrap)
2018-06-21,주식회사 한국인삼공사,건조녹용,,,,,,2026-07-04T23:37:12Z (bootstrap)
2018-06-21,주식회사 한국인삼공사,건조녹용,,,,,,2026-07-04T23:37:12Z (bootstrap)
2018-06-05,한동허브,생녹용,,,,,,2026-07-04T23:37:12Z (bootstrap)
2018-05-29,(주)천호엔케어,건조녹용,,,,,,2026-07-04T23:37:12Z (bootstrap)
2018-05-29,(주)이룸제약법인,건조녹용,,,,,,2026-07-04T23:37:12Z (bootstrap)
2018-05-23,유진통상,생녹용,,,,,,2026-07-04T23:37:12Z (bootstrap)
2018-05-15,진가식품,생녹용,,,,,,2026-07-04T23:37:12Z (bootstrap)
2018-05-11,(주)용보제약,건조녹용,,,,,,2026-07-04T23:37:12Z (bootstrap)
2018-05-11,명가녹용 주식회사,건조녹용,,,,,,2026-07-04T23:37:12Z (bootstrap)
2018-05-08,(주)우성생약,건조녹용,,,,,,2026-07-04T23:37:12Z (bootstrap)
2018-05-08,주식회사 한국인삼공사,건조녹용,,,,,,2026-07-04T23:37:12Z (bootstrap)
2018-05-01,(주)천호엔케어,건조녹용,,,,,,2026-07-04T23:37:12Z (bootstrap)
2018-04-20,주식회사 한국인삼공사,건조녹용,,,,,,2026-07-04T23:37:12Z (bootstrap)
2018-04-16,(주)용보제약,건조녹용,,,,,,2026-07-04T23:37:12Z (bootstrap)
2018-03-30,천호식품(주)양산공장,건조녹용,,,,,,2026-07-04T23:37:12Z (bootstrap)
2018-03-27,한동허브,생녹용,,,,,,2026-07-04T23:37:12Z (bootstrap)
2018-03-22,유진통상,생녹용,,,,,,2026-07-04T23:37:12Z (bootstrap)
2018-03-21,(주)용보제약,녹용,,,,,,2026-07-04T23:37:12Z (bootstrap)
2018-03-14,한동허브,생녹용,,,,,,2026-07-04T23:37:12Z (bootstrap)
2018-03-13,주식회사 한국인삼공사,건조녹용,,,,,,2026-07-04T23:37:12Z (bootstrap)
2018-03-05,(주)대한녹용수출입법인,녹용,,,,,,2026-07-04T23:37:12Z (bootstrap)
2018-03-05,명가녹용 주식회사,녹용,,,,,,2026-07-04T23:37:12Z (bootstrap)
2018-03-02,태안약업(주),녹용,,,,,,2026-07-04T23:37:12Z (bootstrap)
2018-02-28,주식회사 한국인삼공사,건조녹용,,,,,,2026-07-04T23:37:12Z (bootstrap)
2018-02-26,(주)유한양행,녹용,,,,,,2026-07-04T23:37:12Z (bootstrap)
2018-02-14,삼보제약,녹용,,,,,,2026-07-04T23:37:12Z (bootstrap)
2018-02-09,주식회사 허브앤솔루션,건조녹용,,,,,,2026-07-04T23:37:12Z (bootstrap)
2018-02-09,(주)케이앤씨디어트레이드,생녹용,,,,,,2026-07-04T23:37:12Z (bootstrap)
2018-02-06,유진통상,생녹용,,,,,,2026-07-04T23:37:12Z (bootstrap)
2018-02-06,(주)용보제약,녹용,,,,,,2026-07-04T23:37:12Z (bootstrap)
2018-01-25,대호제약주식회사,생녹용,,,,,,2026-07-04T23:37:12Z (bootstrap)
2018-01-25,주식회사 한국인삼공사,건조녹용,,,,,,2026-07-04T23:37:12Z (bootstrap)
2018-01-17,(주)이룸제약법인,건조녹용,,,,,,2026-07-04T23:37:12Z (bootstrap)
2018-01-10,유진통상,생녹용,,,,,,2026-07-04T23:37:12Z (bootstrap)
2018-01-05,(주)진수녹용,건조녹용,,,,,,2026-07-04T23:37:12Z (bootstrap)
2018-01-02,한동허브,생녹용,,,,,,2026-07-04T23:37:12Z (bootstrap)
2017-12-28,(주)유한양행,연구용 건조 녹용,,,,,,2026-07-04T23:37:12Z (bootstrap)
2017-12-28,삼보제약,녹용,,,,,,2026-07-04T23:37:12Z (bootstrap)
2017-12-27,(주)케이앤씨디어트레이드,생녹용,,,,,,2026-07-04T23:37:12Z (bootstrap)
2017-11-15,(주)대원알디티,건조녹용,,,,,,2026-07-04T23:37:12Z (bootstrap)
2017-11-14,(주)케이앤씨디어트레이드,생녹용,,,,,,2026-07-04T23:37:12Z (bootstrap)
2017-11-08,(주)대원알디티,녹용,,,,,,2026-07-04T23:37:12Z (bootstrap)
2017-10-26,(주)용보제약,녹용,,,,,,2026-07-04T23:37:12Z (bootstrap)
2017-10-24,삼보제약,녹용,,,,,,2026-07-04T23:37:12Z (bootstrap)
2017-10-19,(주)유한양행,연구용 건조 녹용,,,,,,2026-07-04T23:37:12Z (bootstrap)
2017-09-18,(주)서화제약,녹각,,,,,,2026-07-04T23:37:12Z (bootstrap)
2017-09-11,태안약업(주),녹용,,,,,,2026-07-04T23:37:12Z (bootstrap)
2017-09-06,한동허브,녹각,,,,,,2026-07-04T23:37:12Z (bootstrap)
2017-08-22,(주)용보제약,건녹용,,,,,,2026-07-04T23:37:12Z (bootstrap)
2017-08-08,주신제약(주),녹각,,,,,,2026-07-04T23:37:12Z (bootstrap)
2017-07-20,삼보제약,건녹용,,,,,,2026-07-04T23:37:12Z (bootstrap)
2017-07-19,주식회사 한국인삼공사,건녹용,,,,,,2026-07-04T23:37:12Z (bootstrap)
2017-07-19,(주)케이앤씨디어트레이드,건녹용,,,,,,2026-07-04T23:37:12Z (bootstrap)
2017-07-18,한동허브,건녹용,,,,,,2026-07-04T23:37:12Z (bootstrap)
2017-07-11,주식회사 한국인삼공사,건녹용,,,,,,2026-07-04T23:37:12Z (bootstrap)
2017-07-11,주식회사 한국인삼공사,건녹용,,,,,,2026-07-04T23:37:12Z (bootstrap)
2017-07-04,주식회사 한국인삼공사,건녹용,,,,,,2026-07-04T23:37:12Z (bootstrap)
2017-06-21,명가녹용 주식회사,건녹용,,,,,,2026-07-04T23:37:12Z (bootstrap)
2017-06-20,한동허브,생녹용,,,,,,2026-07-04T23:37:12Z (bootstrap)
2017-06-19,(주)용보제약,건녹용,,,,,,2026-07-04T23:37:12Z (bootstrap)
2017-06-14,주식회사 한국인삼공사,건녹용,,,,,,2026-07-04T23:37:12Z (bootstrap)
2017-06-05,화용제약,녹용,,,,,,2026-07-04T23:37:12Z (bootstrap)
2017-06-05,주식회사 한국인삼공사,건녹용,,,,,,2026-07-04T23:37:12Z (bootstrap)
2017-06-05,동화무약,녹용,,,,,,2026-07-04T23:37:12Z (bootstrap)
2017-06-01,(주)용보제약,건녹용,,,,,,2026-07-04T23:37:12Z (bootstrap)
2017-05-24,주식회사 한국인삼공사,건녹용,,,,,,2026-07-04T23:37:12Z (bootstrap)
2017-05-12,(주)케이앤씨디어트레이드,생녹용,,,,,,2026-07-04T23:37:12Z (bootstrap)
2017-05-08,주식회사 한국인삼공사,건녹용,,,,,,2026-07-04T23:37:12Z (bootstrap)
2017-04-27,한동허브,생녹용,,,,,,2026-07-04T23:37:12Z (bootstrap)
2017-04-12,(주)수식품,생녹용,,,,,,2026-07-04T23:37:12Z (bootstrap)
2017-04-05,주식회사 한국인삼공사,건녹용,,,,,,2026-07-04T23:37:12Z (bootstrap)
2017-04-04,허브앤솔루션,녹용,,,,,,2026-07-04T23:37:12Z (bootstrap)
2017-03-09,(주)수식품,생녹용,,,,,,2026-07-04T23:37:12Z (bootstrap)
2017-03-08,명가녹용 주식회사,건녹용,,,,,,2026-07-04T23:37:12Z (bootstrap)
2017-02-22,한동허브,생녹용,,,,,,2026-07-04T23:37:12Z (bootstrap)
2017-02-14,(주)케이앤씨디어트레이드,생녹용,,,,,,2026-07-04T23:37:12Z (bootstrap)
2017-02-07,(주)수식품,건녹용,,,,,,2026-07-04T23:37:12Z (bootstrap)
2017-01-31,(주)대한녹용수출입법인,녹용,,,,,,2026-07-04T23:37:12Z (bootstrap)
2017-01-18,(주)우성생약,생녹용,,,,,,2026-07-04T23:37:12Z (bootstrap)
2017-01-16,(주)서화제약,녹용,,,,,,2026-07-04T23:37:12Z (bootstrap)
2017-01-03,(주)수식품,생녹용,,,,,,2026-07-04T23:37:12Z (bootstrap)
2016-12-30,(주)한국허브,건녹용,,,,,,2026-07-04T23:37:12Z (bootstrap)
2016-12-20,(주)케이앤씨디어트레이드,생녹용,,,,,,2026-07-04T23:37:12Z (bootstrap)
2016-12-05,(주)용보제약,건녹용,,,,,,2026-07-04T23:37:12Z (bootstrap)
2016-11-29,바이칼허브,녹각,,,,,,2026-07-04T23:37:12Z (bootstrap)
2016-11-28,태안약업(주),녹각,,,,,,2026-07-04T23:37:12Z (bootstrap)
2016-11-18,한선무역,녹각,,,,,,2026-07-04T23:37:12Z (bootstrap)
2016-11-18,조은생약,녹용,,,,,,2026-07-04T23:37:12Z (bootstrap)
2016-11-17,(주)수식품,건조절편녹용,,,,,,2026-07-04T23:37:12Z (bootstrap)
2016-11-16,(주)수식품,건녹용,,,,,,2026-07-04T23:37:12Z (bootstrap)
2016-11-11,주식회사 한국인삼공사,건녹용,,,,,,2026-07-04T23:37:12Z (bootstrap)
2016-11-11,주식회사 한국인삼공사,건녹용,,,,,,2026-07-04T23:37:12Z (bootstrap)
2016-10-26,일성식품,녹용,,,,,,2026-07-04T23:37:12Z (bootstrap)
2016-10-26,주식회사 한국인삼공사,건녹용,,,,,,2026-07-04T23:37:12Z (bootstrap)
2016-10-17,(주)케이앤씨디어트레이드,건녹용,,,,,,2026-07-04T23:37:12Z (bootstrap)
2016-10-17,태안약업(주),건녹용,,,,,,2026-07-04T23:37:12Z (bootstrap)
2016-10-11,(주)대원알디티,건녹용,,,,,,2026-07-04T23:37:12Z (bootstrap)
2016-10-10,조은생약,녹각,,,,,,2026-07-04T23:37:12Z (bootstrap)
2016-09-28,(주)한국허브,건녹용,,,,,,2026-07-04T23:37:12Z (bootstrap)
2016-09-07,(주)용보제약,건녹용,,,,,,2026-07-04T23:37:12Z (bootstrap)
2016-08-05,(주)한국인삼공사,건녹용,,,,,,2026-07-04T23:37:12Z (bootstrap)
2016-08-01,삼보제약,상대녹용절편,,,,,,2026-07-04T23:37:12Z (bootstrap)
2016-07-27,(주)수식품,생녹용,,,,,,2026-07-04T23:37:12Z (bootstrap)
2016-07-21,상녹제약(주),녹각,,,,,,2026-07-04T23:37:12Z (bootstrap)
2016-07-05,태안약업(주),건녹용,,,,,,2026-07-04T23:37:12Z (bootstrap)
2016-07-04,바이칼허브,녹각,,,,,,2026-07-04T23:37:12Z (bootstrap)
2016-06-29,한동허브,생녹용,,,,,,2026-07-04T23:37:12Z (bootstrap)
2016-06-28,명가녹용 주식회사,녹용,,,,,,2026-07-04T23:37:12Z (bootstrap)
2016-06-24,주신제약(주),녹각,,,,,,2026-07-04T23:37:12Z (bootstrap)
2016-06-21,(주)수식품,생녹용,,,,,,2026-07-04T23:37:12Z (bootstrap)
2016-06-20,(주)한국인삼공사,건녹용,,,,,,2026-07-04T23:37:12Z (bootstrap)
2016-06-20,(주)수식품,건녹용,,,,,,2026-07-04T23:37:12Z (bootstrap)
2016-06-15,(주)수식품,생녹용,,,,,,2026-07-04T23:37:12Z (bootstrap)
2016-05-27,(주)한국인삼공사,녹용,,,,,,2026-07-04T23:37:12Z (bootstrap)
2016-05-26,(주)한국인삼공사,건녹용,,,,,,2026-07-04T23:37:12Z (bootstrap)
2016-05-20,(주)대한녹용수출입법인,녹용,,,,,,2026-07-04T23:37:12Z (bootstrap)
2016-05-16,주신제약(주),녹각,,,,,,2026-07-04T23:37:12Z (bootstrap)
2016-05-04,(주)수식품,생녹용,,,,,,2026-07-04T23:37:12Z (bootstrap)
2016-04-25,(주)한국인삼공사,건녹용,,,,,,2026-07-04T23:37:12Z (bootstrap)
2016-04-15,(주)루스마르코,건녹용,,,,,,2026-07-04T23:37:12Z (bootstrap)
2016-04-15,(주)한국인삼공사,건녹용,,,,,,2026-07-04T23:37:12Z (bootstrap)
2016-04-14,(주)서화제약,건녹용,,,,,,2026-07-04T23:37:12Z (bootstrap)
2016-03-30,(주)수식품,생녹용,,,,,,2026-07-04T23:37:12Z (bootstrap)
2016-03-24,(주)한국인삼공사,건녹용,,,,,,2026-07-04T23:37:12Z (bootstrap)
2016-03-04,태안약업(주),건녹용,,,,,,2026-07-04T23:37:12Z (bootstrap)
2016-02-25,(주)수식품,건녹용,,,,,,2026-07-04T23:37:12Z (bootstrap)
2016-02-25,주식회사 한국인삼공사,건녹용,,,,,,2026-07-04T23:37:12Z (bootstrap)
2016-02-23,조은생약,녹용,,,,,,2026-07-04T23:37:12Z (bootstrap)
2026-05-29,(주)케이앤씨디어트레이드,생녹용,생녹용(냉동),뉴질랜드,뉴질랜드,2026-04-10 ~,,2026-07-04T23:37:12Z (bootstrap)
2026-05-27,(주)케이앤씨디어트레이드,녹용(건조),녹용(건조),뉴질랜드,중국,,,2026-07-04T23:37:12Z (bootstrap)
2026-05-19,와이더블유 인터내셔날,냉동녹용,생녹용(냉동),뉴질랜드,뉴질랜드,,,2026-07-04T23:37:12Z (bootstrap)
2026-05-13,주식회사 이룡제약,녹용,녹용(건조),중국,중국,,,2026-07-04T23:37:12Z (bootstrap)
2026-05-08,온바이오,녹용(건조),녹용(건조),뉴질랜드,중국,,,2026-07-04T23:37:12Z (bootstrap)
2026-04-10,(주)우성생약,녹용(건조),녹용(건조),뉴질랜드,중국,,,2026-07-04T23:37:12Z (bootstrap)
2026-06-17,주식회사 이룡제약,생녹용(냉동),생녹용(냉동),뉴질랜드,뉴질랜드,,,2026-07-04T23:37:12Z (bootstrap)
2026-06-04,주식회사 비봉허브,녹용,녹용(건조),뉴질랜드,뉴질랜드,,,2026-07-04T23:37:12Z (bootstrap)
2026-06-04,(주)케이앤씨디어트레이드,녹용(건조),녹용(건조),뉴질랜드,중국,,,2026-07-04T23:37:12Z (bootstrap)
2026-01-12,마더스초이스,마누카 허니 & 녹용분말(UMF 16+),당류가공품,뉴질랜드,뉴질랜드,2025-11-21 ~ 2028-11-20,,2026-07-04T23:37:12Z (bootstrap)
2025-10-29,(주)엘지생활건강,녹용원 발효 진액,혼합음료,대한민국,베트남,~ 2026-06-29,,2026-07-04T23:37:12Z (bootstrap)
2025-08-25,마더스초이스,마누카 허니 & 녹용분말(UMF 25+),당류가공품,뉴질랜드,뉴질랜드,2025-07-07 ~ 2028-07-06,,2026-07-04T23:37:12Z (bootstrap)
2025-08-21,아로하가든,아로하 마누카허니 녹용(UMF 15+),당류가공품,뉴질랜드,뉴질랜드,~ 2028-06-15,,2026-07-04T23:37:12Z (bootstrap)
2025-08-19,(주)유앤젯인터내셔날,프리미엄 마누카꿀&녹용,당류가공품,뉴질랜드,뉴질랜드,2025-07-21 ~ 2028-07-21,,2026-07-04T23:37:12Z (bootstrap)
2025-08-19,마더스초이스,마누카 허니 & 녹용분말(UMF 16+),당류가공품,뉴질랜드,뉴질랜드,2025-07-01 ~ 2028-06-30,,2026-07-04T23:37:12Z (bootstrap)
