date,year,month,day,importer_en,product_type_en,country_origin_en,country_export_en,importer_ko,product_name,product_en,product_type_ko,exporter_en,expiry_date,country_origin_ko,country_export_ko,importer,notes
2026-04-17,2026,4,17,Onnuri Bio,Deer velvet (dried),New Zealand,China,(주)온누리바이오생약,녹용,DEER HORN,녹용(건조),"TIELING AOLU TRADE CO.,LTD",,뉴질랜드,중국,(주)온누리바이오생약,
2026-04-07,2026,4,7,WooSung (Mr Bang),Deer velvet (dried),New Zealand,China,(주)우성생약,녹용(건조),DRIED RED DEER VELVET ANTLER,녹용(건조),"XIFENG MINHE DEER PRODUCTS CO.,LTD",,뉴질랜드,중국,(주)우성생약,
2026-04-07,2026,4,7,GaOn Pharm,Deer velvet (frozen),New Zealand,New Zealand,주식회사 가온제약,냉동녹용,FROZEN RED DEER VELVET ANTLER,생녹용(냉동),CK IMPORT-EXPORT COMPANY NZ LIMITED,,뉴질랜드,뉴질랜드,주식회사 가온제약,
2026-04-03,2026,4,3,KNC Deertrade,Deer velvet (frozen),New Zealand,New Zealand,(주)케이앤씨디어트레이드,생녹용,WHOLE FROZEN DEER VELVET,생녹용(냉동),ROKLAND CORPORATION LIMITED,2026-02-25 ~,뉴질랜드,뉴질랜드,(주)케이앤씨디어트레이드,
2026-04-03,2026,4,3,HwaYong Pharm.,Deer velvet (frozen),New Zealand,New Zealand,화용제약,생녹용(냉동),FROZEN DEER HORN,생녹용(냉동),CK IMPORT EXPORT CO.(NZ) LTD,,뉴질랜드,뉴질랜드,화용제약,
2026-03-25,2026,3,25,OnBio,Deer velvet (frozen),New Zealand,New Zealand,온바이오,생녹용(냉동),FROZEN DEER VELVET,생녹용(냉동),YIK LUNG TONG(NZ) INTERNAIONAL LIMITED,,뉴질랜드,뉴질랜드,온바이오,
2026-03-17,2026,3,17,KNC Deertrade,Deer velvet (frozen),New Zealand,New Zealand,(주)케이앤씨디어트레이드,생녹용,FROZEN RED DEER VELVET ANTLER,생녹용(냉동),PROVELCO LTD,2026-01-21 ~,뉴질랜드,뉴질랜드,(주)케이앤씨디어트레이드,
2026-03-16,2026,3,16,Bio Dot (Han Dong Herb),Deer velvet (frozen),New Zealand,New Zealand,(주)바이오닷,생녹용,FROZEN RED DEER VELVET ANTLER,생녹용(냉동),C K IMPORT EXPORT CO (NZ) LTD,2026-01-27 ~ 2029-01-27,뉴질랜드,뉴질랜드,(주)바이오닷,
2026-03-12,2026,3,12,YW International,Deer velvet (frozen),New Zealand,New Zealand,와이더블유 인터내셔날,냉동녹용,FROZEN WHOLE DEER VELVET ANTLER,생녹용(냉동),ROKLAND CORPORATION LIMITED,,뉴질랜드,뉴질랜드,와이더블유 인터내셔날,
2026-03-12,2026,3,12,KGC,Deer velvet (frozen),New Zealand,New Zealand,(주)한국인삼공사,생녹용(냉동),FROZEN RED DEER VELVET ANTLER,생녹용(냉동),PAREX INTERNATIONAL LTD,,뉴질랜드,뉴질랜드,(주)한국인삼공사,
2026-03-11,2026,3,11,Yujin Trade,Deer velvet (dried),New Zealand,China,유진통상,녹용(건조),DRIED RED DEER VELVET ANTLER,녹용(건조),DALIAN HENGLU DEER INDUSTRY CO LTD,,뉴질랜드,중국,유진통상,
2026-02-20,2026,2,20,Eryong Pharm.,Deer velvet (frozen),New Zealand,New Zealand,주식회사 이룡제약,생녹용(냉동),FROZEN DEER VELVET,생녹용(냉동),YIK LUNG TONG(NZ) INTERNAIONAL LIMITED,,뉴질랜드,뉴질랜드,주식회사 이룡제약,
2026-02-05,2026,2,5,HwaYong Pharm.,Deer velvet (frozen),New Zealand,New Zealand,화용제약,생녹용(냉동),FROZEN DEER HORN,생녹용(냉동),CK IMPORT EXPORT CO.(NZ) LTD,,뉴질랜드,뉴질랜드,화용제약,
2026-01-27,2026,1,27,KNC Deertrade,Deer velvet (dried),New Zealand,China,(주)케이앤씨디어트레이드,녹용(건조),DRIED RED DEER VELVET ANTLER,녹용(건조),"DALIAN F.T.Z. JUNFENG INTERNATIONAL INDUSTRIAL & TRADE CO.,LTD.",,뉴질랜드,중국,(주)케이앤씨디어트레이드,
2026-01-15,2026,1,15,YW International,Deer velvet (frozen),New Zealand,New Zealand,와이더블유 인터내셔날,냉동녹용,FROZEN WHOLE DEER VELVET ANTLER,생녹용(냉동),ROKLAND CORPORATION LIMITED,,뉴질랜드,뉴질랜드,와이더블유 인터내셔날,
2026-01-09,2026,1,9,Geonhyang Pharm.,Deer velvet (dried),Russia,Russia,건향제약주식회사,녹용(건조),DEER HORNS VELVET ANTLER,녹용(건조),IP SHPILEKOV ALEXEY MIKHAILOVICH,,러시아,러시아,건향제약주식회사,
2026-01-09,2026,1,9,Bio Dot (Han Dong Herb),Deer velvet (frozen),New Zealand,New Zealand,(주)바이오닷,생녹용,FROZEN RED DEER VELVET ANTLER,생녹용(냉동),C K IMPORT EXPORT CO (NZ) LTD,2025-12-09 ~ 2028-12-09,뉴질랜드,뉴질랜드,(주)바이오닷,
2025-12-15,2025,12,15,HwaYong Pharm.,Deer velvet (dried),New Zealand,China,화용제약,녹용,DEER HORN,녹용(건조),DALIAN SHENG EN DEER PRODUCTS CO LTD,,뉴질랜드,중국,화용제약,
2025-12-15,2025,12,15,YongBo (Mr. Woljin Kim),Deer velvet (dried),New Zealand,China,(주)용보제약,녹용(건조),DRIED RED DEER VELVET ANTLER,녹용(건조),"XIFENG MINHE DEER PRODUCTS CO.,LTD",,뉴질랜드,중국,(주)용보제약,
2025-12-10,2025,12,10,HwaYong Pharm.,Deer velvet (frozen),New Zealand,New Zealand,화용제약,생녹용(냉동),FROZEN DEER HORN,생녹용(냉동),CK IMPORT EXPORT CO.(NZ) LTD,,뉴질랜드,뉴질랜드,화용제약,
2025-12-10,2025,12,10,KNC Deertrade,Deer velvet (frozen),New Zealand,New Zealand,(주)케이앤씨디어트레이드,생녹용(냉동),FROZEN RED DEER VELVET ANTLER,생녹용(냉동),PROVELCO LTD,,뉴질랜드,뉴질랜드,(주)케이앤씨디어트레이드,
2025-12-08,2025,12,8,Yujin Trade,Deer velvet (dried),New Zealand,China,유진통상,녹용(건조),DEER HORNS VELVET ANTLER,녹용(건조),DALIAN HENGLU DEER INDUSTRY CO LTD,,뉴질랜드,중국,유진통상,
2025-12-04,2025,12,4,JoEun Pharm,Deer velvet (dried),Russia,Russia,조은생약,녹용,DEER HORN,녹용(건조),"UIMON CO.,LTD",,러시아,러시아,조은생약,
2025-11-28,2025,11,28,WooSung (Mr Bang),Deer velvet (dried),New Zealand,China,(주)우성생약,녹용(건조),DRIED RED DEER VELVET ANTLER,녹용(건조),"XIFENG MINHE DEER PRODUCTS CO.,LTD",,뉴질랜드,중국,(주)우성생약,
2025-11-20,2025,11,20,OnBio,Deer velvet (dried),New Zealand,China,온바이오,녹용(건조),DRIED RED DEER VELVET ANTLER,녹용(건조),DALIAN SHENG EN DEER PRODUCTS CO LTD,,뉴질랜드,중국,온바이오,
2025-11-14,2025,11,14,Eryong Pharm.,Deer velvet (frozen),New Zealand,New Zealand,주식회사 이룡제약,생녹용(냉동),FROZEN DEER HORN,생녹용(냉동),ORIENTAL DEER HOLDINGS LIMITED,,뉴질랜드,뉴질랜드,주식회사 이룡제약,
2025-11-11,2025,11,11,DaeWon RTD,Deer velvet (dried),Russia,Russia,(주)대원알디티,녹용(건조),DEER HORNS VELVET ANTLER,녹용(건조),SPK ABAISKI,,러시아,러시아,(주)대원알디티,
2025-11-11,2025,11,11,Heungsoo Nogyong,Deer velvet (dried),Russia,Russia,흥수녹용,녹용(건조),MARAL DEER HORNS,녹용(건조),SPK ABAISKI,,러시아,러시아,흥수녹용,
2025-10-23,2025,10,23,Eryong Pharm.,Deer velvet (dried),New Zealand,China,주식회사 이룡제약,녹용,DEER HORN,녹용(건조),"DALIAN CHANG LU DEER INDUSTRY CO., LTD",2025-10-09 ~,뉴질랜드,중국,주식회사 이룡제약,
2025-10-23,2025,10,23,KNC Deertrade,Deer velvet (frozen),New Zealand,New Zealand,(주)케이앤씨디어트레이드,생녹용,FROZEN RED DEER VELVET ANTLER,생녹용(냉동),ORIENTAL DEER HOLDINGS LIMITED,2025-09-08 ~,뉴질랜드,뉴질랜드,(주)케이앤씨디어트레이드,
2025-09-23,2025,9,23,KGC,Deer velvet (dried),New Zealand,New Zealand,(주)한국인삼공사,녹용(건조),DRIED RED DEER VELVET ANTLER,녹용(건조),PAREX INTERNATIONAL LTD,,뉴질랜드,뉴질랜드,(주)한국인삼공사,
2025-09-23,2025,9,23,OnBio,Deer velvet (dried),New Zealand,China,온바이오,녹용(건조),DRIED RED DEER VELVET ANTLER,녹용(건조),"DALIAN F.T.Z. JUNFENG INTERNATIONAL INDUSTRIAL & TRADE CO.,LTD.",,뉴질랜드,중국,온바이오,
2025-09-09,2025,9,9,KGC,Deer velvet (dried),New Zealand,New Zealand,(주)한국인삼공사,녹용(건조),DRIED RED DEER VELVET ANTLER,녹용(건조),ORIENTAL DEER HOLDINGS LIMITED,,뉴질랜드,뉴질랜드,(주)한국인삼공사,
2025-09-02,2025,9,2,Hyangna Bio,Deer velvet (dried),New Zealand,China,향나바이오 주식회사,녹용,DEER HORN,녹용(건조),DALIAN SHENG EN DEER PRODUCTS CO LTD,,뉴질랜드,중국,향나바이오 주식회사,
2025-08-29,2025,8,29,Yujin Trade,Deer velvet (dried),New Zealand,China,유진통상,녹용(건조),DEER HORNS VELVET ANTLER,녹용(건조),DALIAN HENGLU DEER INDUSTRY CO LTD,,뉴질랜드,중국,유진통상,
2025-08-27,2025,8,27,Siberian Antlers Pharms Inc.,Deer velvet (dried),Russia,Russia,시베리안앤틀러팜스 주식회사,녹용(건조),DEER HORN,녹용(건조),"OOO ""SEMINSKY""",,러시아,러시아,시베리안앤틀러팜스 주식회사,
2025-07-01,2025,7,1,Onnuri Bio,Deer velvet (dried),New Zealand,China,(주)온누리바이오생약,녹용,DEER HORN,녹용(건조),DALIAN SHENG EN DEER PRODUCTS CO LTD,,뉴질랜드,중국,(주)온누리바이오생약,
2025-06-26,2025,6,26,HwaYong Pharm.,Deer velvet (frozen),New Zealand,New Zealand,화용제약,생녹용(냉동),FROZEN DEER HORN,생녹용(냉동),CK IMPORT EXPORT CO.(NZ) LTD,,뉴질랜드,뉴질랜드,화용제약,
2025-06-04,2025,6,4,KNC Deertrade,Deer velvet (frozen),New Zealand,New Zealand,(주)케이앤씨디어트레이드,생녹용(냉동),FROZEN RED DEER VELVET ANTLER,생녹용(냉동),ORIENTAL DEER HOLDINGS LIMITED,,뉴질랜드,뉴질랜드,(주)케이앤씨디어트레이드,
2025-06-04,2025,6,4,YW International,Deer velvet (frozen),New Zealand,New Zealand,와이더블유 인터내셔날,냉동녹용,FROZEN RED DEER VELVET ANTLER(WHOLE),생녹용(냉동),TASMAN VELVETPROCESSORS LTD,,뉴질랜드,뉴질랜드,와이더블유 인터내셔날,
2025-05-27,2025,5,27,Onnuri Bio,Deer velvet (dried),Russia,Russia,(주)온누리바이오생약,녹용,DEER HORN,녹용(건조),"TEN-EXPORT LTD,",,러시아,러시아,(주)온누리바이오생약,
2025-05-22,2025,5,22,Onnuri Bio,Deer velvet (frozen),New Zealand,New Zealand,(주)온누리바이오생약,생녹용(냉동),FROZEN DEER HORN,생녹용(냉동),ORIENTAL DEER HOLDINGS LIMITED,,뉴질랜드,뉴질랜드,(주)온누리바이오생약,
2025-05-01,2025,5,1,KNC Deertrade,Deer velvet (frozen),New Zealand,New Zealand,(주)케이앤씨디어트레이드,생녹용(냉동),FROZEN RED DEER VELVET ANTLER,생녹용(냉동),ROKLAND CORPORATION LIMITED,,뉴질랜드,뉴질랜드,(주)케이앤씨디어트레이드,
2025-05-01,2025,5,1,HwaYong Pharm.,Deer velvet (frozen),New Zealand,New Zealand,화용제약,생녹용(냉동),FROZEN DEER HORN,생녹용(냉동),CK IMPORT EXPORT CO.(NZ) LTD,,뉴질랜드,뉴질랜드,화용제약,
2025-04-25,2025,4,25,KNC Deertrade,Deer velvet (frozen),New Zealand,New Zealand,(주)케이앤씨디어트레이드,생녹용,FROZEN RED DEER VELVET ANTLER,생녹용(냉동),PROVELCO LTD,2025-02-20 ~,뉴질랜드,뉴질랜드,(주)케이앤씨디어트레이드,
2025-04-18,2025,4,18,Chunho N Care,Deer velvet (dried),New Zealand,New Zealand,(주)천호엔케어,녹용,DEER HORN,녹용(건조),STREAMLANDS EXPORTS NZ LTD,2025-03-24 ~,뉴질랜드,뉴질랜드,(주)천호엔케어,
2025-04-11,2025,4,11,Yujin Trade,Deer velvet (dried),New Zealand,China,유진통상,녹용(건조),DEER HORNS VELVET ANTLER,녹용(건조),"DALIAN CHANG LU DEER INDUSTRY CO., LTD",,뉴질랜드,중국,유진통상,
2025-04-02,2025,4,2,Bio Dot (Han Dong Herb),Deer velvet (frozen),New Zealand,New Zealand,(주)바이오닷,생녹용,FROZEN RED DEER VELVET ANTLER,생녹용(냉동),YIK LUNG TONG(NZ) INTERNAIONAL LIMITED,2025-02-10 ~,뉴질랜드,뉴질랜드,(주)바이오닷,
2025-03-28,2025,3,28,Bibong Herb,Deer velvet (dried),New Zealand,New Zealand,주식회사 비봉허브,녹용,DEER HORN,녹용(건조),STREAMLANDS EXPORTS NZ LTD,2025-03-06 ~,뉴질랜드,뉴질랜드,주식회사 비봉허브,
2025-03-26,2025,3,26,Eryong Pharm.,Deer velvet (frozen),New Zealand,New Zealand,주식회사 이룡제약,생녹용,FROZEN RED DEER VELVET ANTLER,생녹용(냉동),ORIENTAL DEER HOLDINGS LIMITED,,뉴질랜드,뉴질랜드,주식회사 이룡제약,
2025-03-17,2025,3,17,KNC Deertrade,Deer velvet (frozen),New Zealand,New Zealand,(주)케이앤씨디어트레이드,생녹용(냉동),FROZEN RED DEER VELVET ANTLER,생녹용(냉동),ROKLAND CORPORATION LIMITED,,뉴질랜드,뉴질랜드,(주)케이앤씨디어트레이드,
2025-03-13,2025,3,13,YW International,Deer velvet (frozen),New Zealand,New Zealand,와이더블유 인터내셔날,냉동녹용,FROZEN RED DEER VELVET ANTLER(WHOLE),생녹용(냉동),TASMAN VELVETPROCESSORS LTD,,뉴질랜드,뉴질랜드,와이더블유 인터내셔날,
2025-03-12,2025,3,12,GaOn Pharm,Deer velvet (frozen),New Zealand,New Zealand,주식회사 가온제약,생녹용,FROZEN RED DEER VELVET ANTLER,생녹용(냉동),PROVELCO LTD,2025-01-30 ~,뉴질랜드,뉴질랜드,주식회사 가온제약,
2025-03-10,2025,3,10,Daeho Pharm.,Deer velvet (dried),New Zealand,China,대호제약주식회사,녹용(건조),DRIED RED DEER VELVET ANTLER,녹용(건조),TIELING HUANGJIA YIPIN FOODS CO LTD,,뉴질랜드,중국,대호제약주식회사,
2025-03-07,2025,3,7,KNC Deertrade,Deer velvet (frozen),New Zealand,New Zealand,(주)케이앤씨디어트레이드,생녹용(냉동),FROZEN RED DEER VELVET ANTLER,생녹용(냉동),CK IMPORT-EXPORT COMPANY NZ LIMITED,,뉴질랜드,뉴질랜드,(주)케이앤씨디어트레이드,
2025-03-05,2025,3,5,Rokone,Deer velvet (frozen),New Zealand,New Zealand,록원,냉동녹용,FROZEN RED DEER VELVET ANTLER(WHOLE),생녹용(냉동),STREAMLANDS EXPORTS NZ LTD,,뉴질랜드,뉴질랜드,록원,
2025-03-04,2025,3,4,HwaYong Pharm.,Deer velvet (frozen),New Zealand,New Zealand,화용제약,생녹용(냉동),FROZEN DEER HORN,생녹용(냉동),CK IMPORT EXPORT CO.(NZ) LTD,,뉴질랜드,뉴질랜드,화용제약,
2025-02-28,2025,2,28,KNC Deertrade,Deer velvet (frozen),New Zealand,New Zealand,(주)케이앤씨디어트레이드,생녹용(냉동),FROZEN RED DEER VELVET ANTLER,생녹용(냉동),STREAMLANDS EXPORTS NZ LTD,,뉴질랜드,뉴질랜드,(주)케이앤씨디어트레이드,
2025-02-26,2025,2,26,Taeahn (Mr. Ahn),Deer velvet (dried),New Zealand,New Zealand,태안약업(주),녹용,DRIED RED DEER VELVET ANTLER(WHOLE),녹용(건조),ROKLAND CORPORATION LIMITED,,뉴질랜드,뉴질랜드,태안약업(주),
2025-02-25,2025,2,25,Yujin Trade,Deer velvet (dried),Russia,Russia,유진통상,녹용(건조),DEER HORNS VELVET ANTLER,녹용(건조),WONALTAY INTERNATIONAL,,러시아,러시아,유진통상,
2025-02-18,2025,2,18,Onnuri Bio,Deer velvet (dried),Russia,Russia,(주)온누리바이오생약,녹용,DEER HORN,녹용(건조),"OOO ""SEMINSKY""",,러시아,러시아,(주)온누리바이오생약,
2025-02-18,2025,2,18,Hyangna Bio,Deer velvet (dried),Russia,Russia,향나바이오 주식회사,녹용,DEER HORN,녹용(건조),"OOO ""SEMINSKY""",,러시아,러시아,향나바이오 주식회사,
2025-02-18,2025,2,18,DaeWon RTD,Deer velvet (dried),Russia,Russia,(주)대원알디티,녹용(건조),DEER HORNS VELVET ANTLER,녹용(건조),SPK ABAISKI,,러시아,러시아,(주)대원알디티,
2025-02-14,2025,2,14,YW International,Deer velvet (frozen),New Zealand,New Zealand,와이더블유 인터내셔날,냉동녹용,FROZEN RED DEER VELVET ANTLER(WHOLE),생녹용(냉동),TASMAN VELVETPROCESSORS LTD,,뉴질랜드,뉴질랜드,와이더블유 인터내셔날,
2025-01-24,2025,1,24,Yuhan Care,Deer velvet (frozen),New Zealand,New Zealand,주식회사 유한건강생활,녹용,FROZEN WHOLE STICK VELVET,생녹용(냉동),ALPINE DEER NZLP,,뉴질랜드,뉴질랜드,주식회사 유한건강생활,
2025-01-15,2025,1,15,Rokone,Deer velvet (frozen),New Zealand,New Zealand,록원,냉동녹용,FROZEN RED DEER VELVET ANTLER(WHOLE),생녹용(냉동),STREAMLANDS EXPORTS NZ LTD,,뉴질랜드,뉴질랜드,록원,
2025-01-09,2025,1,9,"Jinsoo Deer Co., Ltd.",Deer velvet (frozen),New Zealand,New Zealand,(주)진수녹용,생녹용,FROZEN RED DEER VELVET ANTLER,생녹용(냉동),PROVELCO LTD,2024-12-10 ~,뉴질랜드,뉴질랜드,(주)진수녹용,
2024-12-27,2024,12,27,KNC Deertrade,Deer velvet (frozen),New Zealand,New Zealand,(주)케이앤씨디어트레이드,생녹용(냉동),FROZEN RED DEER VELVET ANTLER,생녹용(냉동),STREAMLANDS EXPORTS NZ LTD,,뉴질랜드,뉴질랜드,(주)케이앤씨디어트레이드,
2024-12-19,2024,12,19,KNC Deertrade,Deer velvet (frozen),New Zealand,New Zealand,(주)케이앤씨디어트레이드,생녹용(냉동),FROZEN RED DEER VELVET ANTLER,생녹용(냉동),ROKLAND CORPORATION LIMITED,,뉴질랜드,뉴질랜드,(주)케이앤씨디어트레이드,
2024-12-12,2024,12,12,HwaYong Pharm.,Deer velvet (frozen),New Zealand,New Zealand,화용제약,생녹용(냉동),FROZEN DEER HORN,생녹용(냉동),CK IMPORT EXPORT CO.(NZ) LTD,,뉴질랜드,뉴질랜드,화용제약,
2024-12-09,2024,12,9,WooSung (Mr Bang),Deer velvet (dried),New Zealand,China,(주)우성생약,녹용(건조),DRIED RED DEER VELVET ANTLER,녹용(건조),"XIFENG MINHE DEER PRODUCTS CO.,LTD",,뉴질랜드,중국,(주)우성생약,
2024-12-09,2024,12,9,Hans Pharm Inc,Deer velvet (dried),New Zealand,China,한스약품주식회사,건조녹용,DRIED REDDEER VELVET ANTLER,녹용(건조),"DALIAN ZHUOFENG DEER PRODUCTS CO.,LTD",,뉴질랜드,중국,한스약품주식회사,
2024-12-04,2024,12,4,KNC Deertrade,Deer velvet (frozen),New Zealand,New Zealand,(주)케이앤씨디어트레이드,생녹용(냉동),FROZEN RED DEER VELVET ANTLER,생녹용(냉동),CK IMPORT-EXPORT COMPANY NZ LIMITED,,뉴질랜드,뉴질랜드,(주)케이앤씨디어트레이드,
2024-11-21,2024,11,21,Onnuri Bio,Deer velvet (frozen),New Zealand,New Zealand,(주)온누리바이오생약,생녹용(냉동),FROZEN DEER HORN,생녹용(냉동),STREAMLANDS EXPORTS NZ LTD,2024-05-15 ~,뉴질랜드,뉴질랜드,(주)온누리바이오생약,
2024-11-20,2024,11,20,Daeho Pharm.,Deer velvet (dried),New Zealand,China,대호제약주식회사,녹용(건조),DRIED RED DEER VELVET ANTLER,녹용(건조),TIELING HUANGJIA YIPIN FOODS CO LTD,,뉴질랜드,중국,대호제약주식회사,
2024-11-04,2024,11,4,DaeWon RTD,Deer velvet (dried),Russia,Russia,(주)대원알디티,녹용(건조),DEER HORNS VELVET ANTLER,녹용(건조),SPK ABAISKI,,러시아,러시아,(주)대원알디티,
2024-11-04,2024,11,4,Heungsoo Nogyong,Deer velvet (dried),Russia,Russia,흥수녹용,녹용(건조),DEER HORNS VELVET ANTLER,녹용(건조),KARYAKINA A.F,,러시아,러시아,흥수녹용,
2024-11-01,2024,11,1,Yuhan Care,Animal based processed food,New Zealand,New Zealand,주식회사 유한건강생활,녹용분말,DRIED DEER VELVET POWDER,기타 동물성가공식품,ALPINE DEER NZ LP,2024-07-23 ~ 2029-07-23,뉴질랜드,뉴질랜드,주식회사 유한건강생활,
2024-10-04,2024,10,4,Hans Pharm Inc,Deer velvet (dried),China,China,한스약품주식회사,건조녹용,DRIED REDDEER VELVET ANTLER(WHOLE),녹용(건조),DALIAN FTZ JINGHUI DEER PRODUCTS CO LTD,,중국,중국,한스약품주식회사,
2024-08-06,2024,8,6,HwaYong Pharm.,Deer velvet (frozen),New Zealand,New Zealand,화용제약,생녹용(냉동),FROZEN DEER HORN,생녹용(냉동),CK IMPORT EXPORT CO.(NZ) LTD,,뉴질랜드,뉴질랜드,화용제약,
2024-08-06,2024,8,6,YW International,Deer velvet (frozen),New Zealand,New Zealand,와이더블유 인터내셔날,냉동녹용,FROZEN WHOLE DEER VELVET ANTLER,생녹용(냉동),ROKLAND CORPORATION LIMITED,,뉴질랜드,뉴질랜드,와이더블유 인터내셔날,
2024-08-06,2024,8,6,YW International,Deer velvet (frozen),New Zealand,New Zealand,와이더블유 인터내셔날,냉동녹용,FROZEN RED DEER VELVET ANTLER(WHOLE),생녹용(냉동),TASMAN VELVETPROCESSORS LTD,,뉴질랜드,뉴질랜드,와이더블유 인터내셔날,
2024-08-06,2024,8,6,HwaYong Pharm.,Deer velvet (frozen),New Zealand,New Zealand,화용제약,생녹용(냉동),FROZEN DEER HORN,생녹용(냉동),CK IMPORT EXPORT CO.(NZ) LTD,,뉴질랜드,뉴질랜드,화용제약,
2024-07-26,2024,7,26,Yujin Trade,Deer velvet (dried),New Zealand,China,유진통상,건조녹용,DRIED RED DEER VELVET ANTLEK,녹용(건조),LIAONING WANLU PHARMACEUTICALCO LTD,2024-07-09 ~,뉴질랜드,중국,유진통상,
2024-07-17,2024,7,17,Yuhan Care,Animal based processed food,New Zealand,New Zealand,주식회사 유한건강생활,녹용분말,DRIED DEER VELVET POWDER,기타 동물성가공식품,ALPINE DEER NZ LP,2023-08-04 ~ 2028-08-04,뉴질랜드,뉴질랜드,주식회사 유한건강생활,
2024-07-08,2024,7,8,DHG Global,Deer velvet (dried),Russia,Russia,(주)디에이치지글로벌,녹용,DEER HORN,녹용(건조),"AYULA CO.,LTD",2024-05-29 ~,러시아,러시아,(주)디에이치지글로벌,
2024-06-26,2024,6,26,Yujin Trade,Deer velvet (dried),Russia,Russia,유진통상,건조녹용,DEER HORNS,녹용(건조),WONALTAY INTERNATIONAL,2024-06-06 ~,러시아,러시아,유진통상,
2024-06-13,2024,6,13,YongBo (Mr. Woljin Kim),Deer velvet (dried),New Zealand,China,(주)용보제약,녹용(건조),DRIED RED DEER VELVET ANTLER,녹용(건조),"XIFENG MINHE DEER PRODUCTS CO.,LTD",2024-05-20 ~,뉴질랜드,중국,(주)용보제약,
2024-06-10,2024,6,10,KNC Deertrade,Deer velvet (frozen),New Zealand,New Zealand,(주)케이앤씨디어트레이드,생녹용,FROZEN RED DEER VELVET ANTLER,생녹용(냉동),UB BIO LIMITED,2024-04-17 ~,뉴질랜드,뉴질랜드,(주)케이앤씨디어트레이드,
2024-06-07,2024,6,7,WooSung (Mr Bang),Deer velvet (dried),New Zealand,China,(주)우성생약,녹용(건조),DRIED RED DEER VELVET ANTLER,녹용(건조),"XIFENG MINHE DEER PRODUCTS CO.,LTD",2024-05-17 ~,뉴질랜드,중국,(주)우성생약,
2024-05-29,2024,5,29,Daedeok Pharm.,Deer velvet (dried),Russia,Russia,(주)대덕제약,녹용,DEER HORNS (CERVUS ELAPHUS SIBIRICUS),녹용(건조),SPK ABAISKI,,러시아,러시아,(주)대덕제약,
2024-05-29,2024,5,29,MyungGa (Mr.Lee in Daegu),Deer velvet (dried),Russia,Russia,명가녹용 주식회사,녹용,DEER HORNS (CERVUS ELAPHUS SIBIRICUS),녹용(건조),SPK ABAISKI,,러시아,러시아,명가녹용 주식회사,
2024-05-24,2024,5,24,Onnuri Bio,Deer velvet (dried),New Zealand,New Zealand,(주)온누리바이오생약,녹용,DEER HORN,녹용(건조),STREAMLANDS EXPORTS NZ LTD,2024-04-18 ~,뉴질랜드,뉴질랜드,(주)온누리바이오생약,
2024-05-24,2024,5,24,Bibong Herb,Deer velvet (dried),New Zealand,New Zealand,주식회사 비봉허브,녹용,DEER HORN,녹용(건조),STREAMLANDS EXPORTS NZ LTD,2024-04-03 ~,뉴질랜드,뉴질랜드,주식회사 비봉허브,
2024-05-10,2024,5,10,YW International,Deer velvet (frozen),New Zealand,New Zealand,와이더블유 인터내셔날,냉동녹용,FROZEN RED DEER VELVET ANTLER(WHOLE),생녹용(냉동),TASMAN VELVETPROCESSORS LTD,,뉴질랜드,뉴질랜드,와이더블유 인터내셔날,
2024-05-03,2024,5,3,Rokone,Deer velvet (frozen),New Zealand,New Zealand,록원,냉동녹용,FROZEN RED DEER VELVET ANTLER(WHOLE),생녹용(냉동),STREAMLANDS EXPORTS NZ LTD,,뉴질랜드,뉴질랜드,록원,
2024-05-03,2024,5,3,DaeWon RTD,Deer velvet (dried),Russia,Russia,(주)대원알디티,녹용(건조),DEER HORNS VELVET ANTLER,녹용(건조),SPK ABAISKI,2024-04-11 ~,러시아,러시아,(주)대원알디티,
2024-05-03,2024,5,3,Heungsoo Nogyong,Deer velvet (dried),Russia,Russia,흥수녹용,녹용(건조),MARAL DEER HORNS,녹용(건조),SPK ABAISKI,2024-04-11 ~,러시아,러시아,흥수녹용,
2024-05-01,2024,5,1,Onnuri Bio,Deer velvet (dried),Russia,Russia,(주)온누리바이오생약,녹용,DEER HORN,녹용(건조),OOO MARAL-ASOHRA,2024-03-28 ~,러시아,러시아,(주)온누리바이오생약,
2024-05-01,2024,5,1,CheonJi Bio,Deer velvet (dried),Russia,Russia,천지담은 바이오,녹용,DEER HORN,녹용(건조),OOO MARAL-ASOHRA,2024-03-28 ~,러시아,러시아,천지담은 바이오,
2024-04-22,2024,4,22,MyungGa (Mr.Lee in Daegu),Deer velvet (dried),New Zealand,China,명가녹용 주식회사,녹용(건조),DRIED RED DEER VELVET ANTLER,녹용(건조),"XIFENG MINHE DEER PRODUCTS CO.,LTD",2024-04-01 ~,뉴질랜드,중국,명가녹용 주식회사,
2024-04-05,2024,4,5,Hyangna Bio,Deer velvet (dried),Russia,Russia,향나바이오 주식회사,녹용,DEER HORN,녹용(건조),OOO MARAL-ASOHRA,2024-02-28 ~,러시아,러시아,향나바이오 주식회사,
2024-03-27,2024,3,27,MyungGa (Mr.Lee in Daegu),Deer velvet (dried),New Zealand,New Zealand,명가녹용 주식회사,녹용,DRIED RED DEER VELVET ANTLER(WHOLE),녹용(건조),STREAMLANDS EXPORTS NZ LTD,,뉴질랜드,뉴질랜드,명가녹용 주식회사,
2024-03-26,2024,3,26,Yujin Trade,Deer velvet (dried),New Zealand,China,유진통상,건조녹용,DRIED REDDEER VELVER ANTLER,녹용(건조),DALIAN HENGLU DEER INDUSTRY CO LTD,,뉴질랜드,중국,유진통상,
2024-03-26,2024,3,26,KNC Deertrade,Deer velvet (frozen),New Zealand,New Zealand,(주)케이앤씨디어트레이드,생녹용(냉동),FROZEN RED DEER VELVET ANTLER,생녹용(냉동),PAREX INTERNATIONAL LTD,,뉴질랜드,뉴질랜드,(주)케이앤씨디어트레이드,
2024-03-12,2024,3,12,YW International,Deer velvet (frozen),New Zealand,New Zealand,와이더블유 인터내셔날,냉동녹용,FROZEN RED DEER VELVET ANTLER(WHOLE),생녹용(냉동),TASMAN VELVETPROCESSORS LTD,,뉴질랜드,뉴질랜드,와이더블유 인터내셔날,
2024-02-27,2024,2,27,Yujin Trade,Deer velvet (dried),Russia,Russia,유진통상,건조녹용,DEER HORN,녹용(건조),WONALTAY INTERNATIONAL,2024-02-05 ~,러시아,러시아,유진통상,
2024-02-22,2024,2,22,OnBio,Deer velvet (frozen),New Zealand,New Zealand,온바이오,생녹용,FROZEN RED DEER VELVET ANTLER,생녹용(냉동),YIK LUNG TONG(NZ) INTERNAIONAL LIMITED,,뉴질랜드,뉴질랜드,온바이오,
2024-02-21,2024,2,21,YW International,Deer velvet (frozen),New Zealand,New Zealand,와이더블유 인터내셔날,냉동녹용,FROZEN RED DEER VELVET ANTLER(WHOLE),생녹용(냉동),STREAMLANDS EXPORTS NZ LTD,,뉴질랜드,뉴질랜드,와이더블유 인터내셔날,
2024-02-15,2024,2,15,Chunho N Care,Deer velvet (dried),New Zealand,New Zealand,(주)천호엔케어,녹용,DEER HORN,녹용(건조),STREAMLANDS EXPORTS NZ LTD,2024-01-25 ~,뉴질랜드,뉴질랜드,(주)천호엔케어,
2024-02-15,2024,2,15,WooSung (Mr Bang),Deer velvet (dried),New Zealand,China,(주)우성생약,녹용(건조),DRIED RED DEER VELVET ANTLER,녹용(건조),DALIAN F.T.Z. JUN FENG INTERNATIONAL  INDUSTRTAL TRADE CO LTD,2024-01-22 ~,뉴질랜드,중국,(주)우성생약,
2024-02-14,2024,2,14,Onnuri Bio,Deer velvet (frozen),New Zealand,New Zealand,(주)온누리바이오생약,생녹용(냉동),FROZEN DEER HORN,생녹용(냉동),STREAMLANDS EXPORTS NZ LTD,2024-01-31 ~,뉴질랜드,뉴질랜드,(주)온누리바이오생약,
2024-02-14,2024,2,14,HwaYong Pharm.,Deer velvet (frozen),New Zealand,New Zealand,화용제약,생녹용(냉동),FROZEN DEER HORN,생녹용(냉동),STREAMLANDS EXPORTS NZ LTD,2024-01-31 ~,뉴질랜드,뉴질랜드,화용제약,
2024-02-07,2024,2,7,YW International,Deer velvet (frozen),New Zealand,New Zealand,와이더블유 인터내셔날,냉동녹용,FROZEN RED DEER VELVET ANTLER(WHOLE),생녹용(냉동),STREAMLANDS EXPORTS NZ LTD,,뉴질랜드,뉴질랜드,와이더블유 인터내셔날,
2024-02-07,2024,2,7,KGC,Deer velvet (dried),New Zealand,New Zealand,(주)한국인삼공사,녹용(건조),DRIED RED DEER VELVET ANTLER,녹용(건조),PAREX INTERNATIONAL LTD,,뉴질랜드,뉴질랜드,(주)한국인삼공사,
2024-02-07,2024,2,7,KGC,Deer velvet (dried),New Zealand,New Zealand,(주)한국인삼공사,녹용(건조),DRIED RED DEER VELVET ANTLER,녹용(건조),PAREX INTERNATIONAL LTD,,뉴질랜드,뉴질랜드,(주)한국인삼공사,
2024-02-07,2024,2,7,KNC Deertrade,Deer velvet (frozen),New Zealand,New Zealand,(주)케이앤씨디어트레이드,생녹용(냉동),FROZEN RED DEER VELVET ANTLER,생녹용(냉동),ROKLAND CORPORATION LIMITED,,뉴질랜드,뉴질랜드,(주)케이앤씨디어트레이드,
2024-01-31,2024,1,31,YW International,Deer velvet (frozen),New Zealand,New Zealand,와이더블유 인터내셔날,냉동녹용,FROZEN RED DEER VELVET ANTLER(WHOLE),생녹용(냉동),TASMAN VELVETPROCESSORS LTD,,뉴질랜드,뉴질랜드,와이더블유 인터내셔날,
2024-01-31,2024,1,31,Yuhan Care,Deer velvet (frozen),New Zealand,New Zealand,주식회사 유한건강생활,녹용,FROZEN WHOLE STICK VELVET,녹용(냉동),ALPINE DEER NZLP,2024-01-15 ~,뉴질랜드,뉴질랜드,주식회사 유한건강생활,
2024-01-23,2024,1,23,KNC Deertrade,Deer velvet (frozen),New Zealand,New Zealand,(주)케이앤씨디어트레이드,생녹용(냉동),FROZEN RED DEER VELVET ANTLER,생녹용(냉동),TSENGS ENTERPRISES (N.Z.) LIMITED,2024-01-08 ~,뉴질랜드,뉴질랜드,(주)케이앤씨디어트레이드,
2024-01-19,2024,1,19,Geonhyang Pharm.,Deer velvet (dried),Russia,Hong Kong,건향제약주식회사,건조녹용,DEER HORN,녹용(건조),SHUN SHING INTERNATIONAL DEVELOPMENT COMPANY,2023-12-30 ~,러시아,홍콩,건향제약주식회사,
2024-01-19,2024,1,19,Hans Pharm Inc,Deer velvet (dried),China,China,한스약품주식회사,건조녹용,DRIED REDDEER VELVET ANTLER(WHOLE),녹용(건조),DALIAN FTZ JINGHUI DEER PRODUCTS CO LTD,,중국,중국,한스약품주식회사,
2023-12-28,2023,12,28,HwaYong Pharm.,Deer velvet (frozen),New Zealand,New Zealand,화용제약,생녹용(냉동),FROZEN DEER HORN,생녹용(냉동),CK IMPORT EXPORT CO.(NZ) LTD,2023-12-15 ~,뉴질랜드,뉴질랜드,화용제약,
2023-12-19,2023,12,19,KNC Deertrade,Deer velvet (frozen),New Zealand,New Zealand,(주)케이앤씨디어트레이드,생녹용(냉동),FROZEN RED DEER VELVET ANTLER,생녹용(냉동),ROKLAND CORPORATION LIMITED,,뉴질랜드,뉴질랜드,(주)케이앤씨디어트레이드,
2023-12-12,2023,12,12,Geonhyang Pharm.,Deer velvet (dried),Russia,Russia,건향제약주식회사,건조녹용,DEER HORN,녹용(건조),WONALTAY INTERNATIONAL,,러시아,러시아,건향제약주식회사,
2023-12-11,2023,12,11,KGC,Deer velvet (dried),New Zealand,New Zealand,(주)한국인삼공사,녹용(건조),DRIED RED DEER VELVET ANTLER,녹용(건조),PAREX INTERNATIONAL LTD,,뉴질랜드,뉴질랜드,(주)한국인삼공사,
2023-12-06,2023,12,6,Hyangna Bio,Deer velvet (dried),New Zealand,Hong Kong,향나바이오 주식회사,녹용,DEER HORN,녹용(건조),ANZ FOOD TRADING CO,2023-11-10 ~,뉴질랜드,홍콩,향나바이오 주식회사,
2023-11-29,2023,11,29,KNC Deertrade,Deer velvet (dried),New Zealand,Hong Kong,(주)케이앤씨디어트레이드,건조녹용,DRIED RED DEER VELVET ANTLER,녹용(건조),ANZ FOOD TRADING CO,2023-11-02 ~,뉴질랜드,홍콩,(주)케이앤씨디어트레이드,
2023-11-28,2023,11,28,HwaYong Pharm.,Deer velvet (dried),New Zealand,China,화용제약,녹용,DEER HORN,녹용(건조),"DALIAN F.T.Z MINGWEI INDUTRY TRADE CO.,LTD",2023-11-01 ~,뉴질랜드,중국,화용제약,
2023-11-23,2023,11,23,Onnuri Bio,Deer velvet (dried),New Zealand,China,(주)온누리바이오생약,녹용,DEER HORN,녹용(건조),"TIELING JIDA DEER PRODUCTS PROCESSING CO., LTD.",2023-10-24 ~,뉴질랜드,중국,(주)온누리바이오생약,
2023-11-20,2023,11,20,YW International,Deer velvet (frozen),New Zealand,New Zealand,와이더블유 인터내셔날,냉동녹용,FROZEN RED DEER VELVET ANTLER(WHOLE),생녹용(냉동),TASMAN VELVETPROCESSORS LTD,,뉴질랜드,뉴질랜드,와이더블유 인터내셔날,
2023-11-20,2023,11,20,OnBio,Deer velvet (dried),New Zealand,China,온바이오,건조녹용,DRIED RED DEER VELVET ANTLER,녹용(건조),DALIAN SHENG EN DEER PRODUCTS CO LTD,2023-10-16 ~,뉴질랜드,중국,온바이오,
2023-11-09,2023,11,9,KGC,Deer velvet (dried),New Zealand,New Zealand,(주)한국인삼공사,건조녹용,DRIED RED DEER VELVET ANTLER,녹용(건조),PGG WRIGHTSON LTD-VELVET,2023-10-10 ~,뉴질랜드,뉴질랜드,(주)한국인삼공사,
2023-10-30,2023,10,30,Hans Pharm Inc,Deer velvet (dried),China,China,한스약품주식회사,건조녹용,DRIED REDDEER VELVET ANTLER(WHOLE),녹용(건조),DALIAN FTZ JINGHUI DEER PRODUCTS CO LTD,,중국,중국,한스약품주식회사,
2023-10-30,2023,10,30,Million Trade,Deer velvet (dried),Russia,Russia,밀리언 무역,건조녹용,DEER HORN,녹용(건조),WONALTAY INTERNATIONAL,,러시아,러시아,밀리언 무역,
2023-10-12,2023,10,12,KGC,Deer velvet (dried),New Zealand,New Zealand,(주)한국인삼공사,녹용(건조),DRIED RED DEER VELVET ANTLER,녹용(건조),PAREX INTERNATIONAL LTD,,뉴질랜드,뉴질랜드,(주)한국인삼공사,
2023-10-12,2023,10,12,KGC,Deer velvet (dried),New Zealand,New Zealand,(주)한국인삼공사,건조녹용,DRIED RED DEER VELVET ANTLER,녹용(건조),PGG WRIGHTSON LTD-VELVET,2023-09-11 ~,뉴질랜드,뉴질랜드,(주)한국인삼공사,
2023-10-05,2023,10,5,Eryong Pharm.,Deer velvet (dried),New Zealand,China,주식회사 이룡제약,녹용,DEER HORN,녹용(건조),"TIELING JIDA DEER PRODUCTS PROCESSING CO., LTD.",2023-08-28 ~,뉴질랜드,중국,주식회사 이룡제약,
2023-10-05,2023,10,5,KNC Deertrade,Deer velvet (frozen),New Zealand,New Zealand,(주)케이앤씨디어트레이드,생녹용,FROZEN RED DEER VELVET ANTLER,생녹용(냉동),UB BIO LIMITED,2023-08-23 ~,뉴질랜드,뉴질랜드,(주)케이앤씨디어트레이드,
2023-09-05,2023,9,5,KGC,Deer velvet (dried),New Zealand,New Zealand,(주)한국인삼공사,녹용(건조),DRIED RED DEER VELVET ANTLER,녹용(건조),PAREX INTERNATIONAL LTD,,뉴질랜드,뉴질랜드,(주)한국인삼공사,
2023-09-05,2023,9,5,KGC,Deer velvet (dried),New Zealand,New Zealand,(주)한국인삼공사,건조녹용,DRIED RED DEER VELVET ANTLER,녹용(건조),PGG WRIGHTSON LTD-VELVET,2023-08-09 ~,뉴질랜드,뉴질랜드,(주)한국인삼공사,
2023-08-29,2023,8,29,YW International,Deer velvet (frozen),New Zealand,New Zealand,와이더블유 인터내셔날,냉동녹용,FROZEN RED DEER VELVET ANTLER(WHOLE),생녹용(냉동),TASMAN VELVETPROCESSORS LTD,,뉴질랜드,뉴질랜드,와이더블유 인터내셔날,
2023-08-14,2023,8,14,Bibong Herb,Deer velvet (dried),New Zealand,New Zealand,주식회사 비봉허브,녹용,DEER HORN,녹용(건조),PROVELCO CO OPERATIVE LTD,2023-07-28 ~,뉴질랜드,뉴질랜드,주식회사 비봉허브,
2023-08-14,2023,8,14,Daeho Pharm.,Deer velvet (dried),New Zealand,China,대호제약주식회사,건조녹용,DRIED RED DEER VELVET ANTLER,녹용(건조),"TIELING JIDA DEER PRODUCTS PROCESSING CO., LTD.",2023-07-21 ~,뉴질랜드,중국,대호제약주식회사,
2023-08-14,2023,8,14,KGC,Deer velvet (dried),New Zealand,New Zealand,(주)한국인삼공사,건조녹용,DRIED RED DEER VELVET ANTLER,녹용(건조),PGG WRIGHTSON LTD-VELVET,2023-07-13 ~,뉴질랜드,뉴질랜드,(주)한국인삼공사,
2023-08-02,2023,8,2,Bibong Herb,Deer velvet (dried),New Zealand,New Zealand,주식회사 비봉허브,녹용,DEER HORN,녹용(건조),STREAMLANDS EXPORTS NZ LTD,2023-07-10 ~,뉴질랜드,뉴질랜드,주식회사 비봉허브,
2023-07-25,2023,7,25,YW International,Deer velvet (frozen),New Zealand,New Zealand,와이더블유 인터내셔날,냉동녹용,FROZEN RED DEER VELVET ANTLER(WHOLE),생녹용(냉동),TASMAN VELVETPROCESSORS LTD,,뉴질랜드,뉴질랜드,와이더블유 인터내셔날,
2023-07-25,2023,7,25,HwaYong Pharm.,Deer velvet (dried),New Zealand,China,화용제약,녹용,DEER HORN,녹용(건조),"TIELING AOLU TRADE CO.,LTD",2023-07-04 ~,뉴질랜드,중국,화용제약,
2023-07-25,2023,7,25,CheonJi Bio,Deer velvet (dried),New Zealand,China,천지담은 바이오,녹용,DEER HORN,녹용(건조),"TIELING AOLU TRADE CO.,LTD",2023-07-03 ~,뉴질랜드,중국,천지담은 바이오,
2023-07-25,2023,7,25,Hyangna Bio,Deer velvet (dried),New Zealand,China,향나바이오 주식회사,녹용,DEER HORN,녹용(건조),"TIELING AOLU TRADE CO.,LTD",2023-07-03 ~,뉴질랜드,중국,향나바이오 주식회사,
2023-07-25,2023,7,25,KNC Deertrade,Deer velvet (dried),New Zealand,China,(주)케이앤씨디어트레이드,건조녹용,DRIED RED DEER VELVET ANTLER,녹용(건조),TIELING HUANGJIA YIPIN FOODS CO LTD,2023-06-28 ~,뉴질랜드,중국,(주)케이앤씨디어트레이드,
2023-07-25,2023,7,25,KGC,Deer velvet (dried),New Zealand,New Zealand,(주)한국인삼공사,건조녹용,DRIED RED DEER VELVET ANTLER,녹용(건조),PGG WRIGHTSON LTD-VELVET,2023-06-09 ~,뉴질랜드,뉴질랜드,(주)한국인삼공사,
2023-07-25,2023,7,25,YW International,Deer velvet (frozen),New Zealand,New Zealand,와이더블유 인터내셔날,냉동녹용,FROZEN RED DEER VELVET (WHOLE),생녹용(냉동),PAREX INTERNATIONAL LTD,,뉴질랜드,뉴질랜드,와이더블유 인터내셔날,
2023-07-14,2023,7,14,KNC Deertrade,Deer velvet (dried),New Zealand,China,(주)케이앤씨디어트레이드,건조녹용,DRIED RED DEER VELVET ANTLER,녹용(건조),"TIELING JIDA DEER PRODUCTS PROCESSING CO., LTD.",2023-06-18 ~,뉴질랜드,중국,(주)케이앤씨디어트레이드,
2023-07-12,2023,7,12,Eryong Pharm.,Deer velvet (dried),New Zealand,Hong Kong,주식회사 이룡제약,녹용,DEER HORN,녹용(건조),ANZ FOOD TRADING CO,2023-06-29 ~,뉴질랜드,홍콩,주식회사 이룡제약,
2023-07-11,2023,7,11,HwaYong Pharm.,Deer velvet (frozen),New Zealand,New Zealand,화용제약,생녹용(냉동),FROZEN DEER HORN,생녹용(냉동),CK IMPORT EXPORT CO.(NZ) LTD,2023-07-04 ~,뉴질랜드,뉴질랜드,화용제약,
2023-07-03,2023,7,3,KGC,Deer velvet (dried),New Zealand,New Zealand,(주)한국인삼공사,녹용(건조),DRIED RED DEER VELVET ANTLER,녹용(건조),PAREX INTERNATIONAL LTD,,뉴질랜드,뉴질랜드,(주)한국인삼공사,
2023-06-28,2023,6,28,KGC,Deer velvet (frozen),New Zealand,New Zealand,(주)한국인삼공사,생녹용(냉동),FROZEN RED DEER VELVET ANTLER,생녹용(냉동),ROKLAND CORPORATION LTD,,뉴질랜드,뉴질랜드,(주)한국인삼공사,
2023-06-07,2023,6,7,KGC,Deer velvet (dried),New Zealand,New Zealand,(주)한국인삼공사,건조녹용,DRIED RED DEER VELVET ANTLER,녹용(건조),PGG WRIGHTSON LTD-VELVET,2023-05-12 ~,뉴질랜드,뉴질랜드,(주)한국인삼공사,
2023-06-02,2023,6,2,KGC,Deer velvet (dried),New Zealand,New Zealand,(주)한국인삼공사,녹용(건조),DRIED RED DEER VELVET ANTLER,녹용(건조),PAREX INTERNATIONAL LTD,,뉴질랜드,뉴질랜드,(주)한국인삼공사,
2023-06-02,2023,6,2,WooSung (Mr Bang),Deer velvet (dried),New Zealand,China,(주)우성생약,녹용(건조),DRIED RED DEER VELVET ANTLER,녹용(건조),"XIFENG MINHE DEER PRODUCTS CO.,LTD",2023-05-17 ~,뉴질랜드,중국,(주)우성생약,
2023-05-23,2023,5,23,HwaYong Pharm.,Deer velvet (frozen),New Zealand,New Zealand,화용제약,생녹용(냉동),FROZEN DEER HORN,생녹용(냉동),STREAMLANDS EXPORTS NZ LTD,2023-05-10 ~,뉴질랜드,뉴질랜드,화용제약,
2023-05-08,2023,5,8,KGC,Deer velvet (dried),New Zealand,New Zealand,(주)한국인삼공사,건조녹용,DRIED RED DEER VELVET ANTLER,녹용(건조),PGG WRIGHTSON LTD-VELVET,2023-03-04 ~,뉴질랜드,뉴질랜드,(주)한국인삼공사,
2023-04-25,2023,4,25,KGC,Deer velvet (dried),New Zealand,New Zealand,(주)한국인삼공사,녹용(건조),DRIED RED DEER VELVET ANTLER,녹용(건조),PAREX INTERNATIONAL LTD,,뉴질랜드,뉴질랜드,(주)한국인삼공사,
2023-04-25,2023,4,25,Eryong Pharm.,Deer velvet (dried),New Zealand,China,주식회사 이룡제약,녹용,DEER HORN,녹용(건조),"DALIAN F.T.Z MINGWEI INDUTRY TRADE CO.,LTD",2023-03-29 ~,뉴질랜드,중국,주식회사 이룡제약,
2023-04-25,2023,4,25,Daeho Pharm.,Deer velvet (dried),New Zealand,China,대호제약주식회사,건조녹용,DRIED RED DEER VELVET ANTLER,녹용(건조),"TIELING JIDA DEER PRODUCTS PROCESSING CO., LTD.",2023-04-09 ~,뉴질랜드,중국,대호제약주식회사,
2023-04-11,2023,4,11,Onnuri Bio,Deer velvet (frozen),New Zealand,New Zealand,(주)온누리바이오생약,녹용,FROZEN DEER HORN,생녹용(냉동),STREAMLANDS EXPORTS NZ LTD,2023-03-28 ~,뉴질랜드,뉴질랜드,(주)온누리바이오생약,
2023-04-11,2023,4,11,K&C,Deer velvet (dried),New Zealand,China,케이앤씨(K&C),건조녹용,DRIED RED DEER VELVET ANTLER,녹용(건조),"XIFENG MINHE DEER PRODUCTS CO.,LTD",2023-03-26 ~,뉴질랜드,중국,케이앤씨(K&C),
2023-04-11,2023,4,11,Bio Dot (Han Dong Herb),Deer velvet (frozen),New Zealand,New Zealand,(주)바이오닷,생녹용,FROZEN RED DEER VELVET ANTLER,생녹용(냉동),C K IMPORT EXPORT CO (NZ) LTD,2023-02-16 ~,뉴질랜드,뉴질랜드,(주)바이오닷,
2023-04-04,2023,4,4,KGC,Deer velvet (dried),New Zealand,New Zealand,(주)한국인삼공사,건조녹용,DRIED RED DEER VELVET ANTLER,녹용(건조),PGG WRIGHTSON LTD-VELVET,2023-03-09 ~,뉴질랜드,뉴질랜드,(주)한국인삼공사,
2023-04-04,2023,4,4,HwaYong Pharm.,Deer velvet (frozen),New Zealand,New Zealand,화용제약,생녹용(냉동),FROZEN DEER HORN,생녹용(냉동),STREAMLANDS EXPORTS NZ LTD,2023-03-21 ~,뉴질랜드,뉴질랜드,화용제약,
2023-04-04,2023,4,4,YW International,Deer velvet (frozen),New Zealand,New Zealand,와이더블유 인터내셔날,냉동녹용,FROZEN RED DEER VELVET ANTLER(WHOLE),생녹용(냉동),PROVELCO CO OPERATIVE LTD,,뉴질랜드,뉴질랜드,와이더블유 인터내셔날,
2023-03-30,2023,3,30,YW International,Deer velvet (frozen),New Zealand,New Zealand,와이더블유 인터내셔날,냉동녹용,FROZEN RED DEER VELVET ANTLER(WHOLE),생녹용(냉동),TASMAN VELVETPROCESSORS LTD,,뉴질랜드,뉴질랜드,와이더블유 인터내셔날,
2023-03-28,2023,3,28,Chunho N Care,Deer velvet (dried),New Zealand,New Zealand,(주)천호엔케어,녹용,DEER HORN,녹용(건조),STREAMLANDS EXPORTS NZ LTD,2023-03-06 ~,뉴질랜드,뉴질랜드,(주)천호엔케어,
2023-03-24,2023,3,24,Siwon Pharmaceutical,Deer velvet (frozen),New Zealand,New Zealand,(주)시원생약,생녹용,FROZEN DEER HORN,생녹용(냉동),ALPINE DEER NZLP,2023-03-06 ~,뉴질랜드,뉴질랜드,(주)시원생약,
2023-03-21,2023,3,21,KGC,Deer velvet (dried),New Zealand,New Zealand,(주)한국인삼공사,녹용(건조),DRIED RED DEER VELVET ANTLER,녹용(건조),PAREX INTERNATIONAL LTD,,뉴질랜드,뉴질랜드,(주)한국인삼공사,
2023-03-13,2023,3,13,Onnuri Bio,Deer velvet (dried),Russia,Russia,(주)온누리바이오생약,녹용,DEER HORN,녹용(건조),LTD TEN-EXPORT,2023-02-15 ~,러시아,러시아,(주)온누리바이오생약,
2023-03-07,2023,3,7,YW International,Deer velvet (frozen),New Zealand,New Zealand,와이더블유 인터내셔날,냉동녹용,FROZEN RED DEER VELVET (WHOLE),생녹용(냉동),PAREX INTERNATIONAL LTD,,뉴질랜드,뉴질랜드,와이더블유 인터내셔날,
2023-02-28,2023,2,28,YW International,Deer velvet (frozen),New Zealand,New Zealand,와이더블유 인터내셔날,냉동녹용,FROZEN WHOLE DEER VELVET ANTLER,생녹용(냉동),ROKLAND CORPORATION LIMITED,,뉴질랜드,뉴질랜드,와이더블유 인터내셔날,
2023-02-28,2023,2,28,KGC,Deer velvet (dried),New Zealand,New Zealand,(주)한국인삼공사,건조녹용,DRIED RED DEER VELVET ANTLER,녹용(건조),PGG WRIGHTSON LTD-VELVET,2023-02-07 ~,뉴질랜드,뉴질랜드,(주)한국인삼공사,
2023-02-28,2023,2,28,HwaYong Pharm.,Deer velvet (frozen),New Zealand,New Zealand,화용제약,생녹용(냉동),FROZEN DEER HORN,생녹용(냉동),STREAMLANDS EXPORTS NZ LTD,2023-02-13 ~,뉴질랜드,뉴질랜드,화용제약,
2023-02-17,2023,2,17,KGC,Deer velvet (dried),New Zealand,New Zealand,(주)한국인삼공사,녹용(건조),DRIED RED DEER VELVET ANTLER,녹용(건조),PAREX INTERNATIONAL LTD,,뉴질랜드,뉴질랜드,(주)한국인삼공사,
2023-02-08,2023,2,8,YW International,Deer velvet (frozen),New Zealand,New Zealand,와이더블유 인터내셔날,냉동녹용,FROZEN RED DEER VELVET ANTLER(WHOLE),생녹용(냉동),TASMAN VELVETPROCESSORS LTD,,뉴질랜드,뉴질랜드,와이더블유 인터내셔날,
2023-02-03,2023,2,3,KGC,Deer velvet (dried),New Zealand,New Zealand,(주)한국인삼공사,건조녹용,DRIED RED DEER VELVET ANTLER,녹용(건조),PGG WRIGHTSON LTD-VELVET,2023-01-11 ~,뉴질랜드,뉴질랜드,(주)한국인삼공사,
2023-02-03,2023,2,3,Heungsoo Nogyong,Deer velvet (dried),Russia,Russia,흥수녹용,녹용(건조),DEER HORNS VELVET ANTLER,녹용(건조),KARYAKINA A.F,,러시아,러시아,흥수녹용,
2023-01-31,2023,1,31,KNC Deertrade,Deer velvet (frozen),New Zealand,New Zealand,(주)케이앤씨디어트레이드,생녹용(냉동),FROZEN RED DEER VELVET ANTLER,생녹용(냉동),TSENGS ENTERPRISES (N.Z.) LIMITED,2022-12-22 ~,뉴질랜드,뉴질랜드,(주)케이앤씨디어트레이드,
2023-01-25,2023,1,25,KGC,Deer velvet (dried),New Zealand,New Zealand,(주)한국인삼공사,녹용(건조),DRIED RED DEER VELVET ANTLER,녹용(건조),PAREX INTERNATIONAL LTD,,뉴질랜드,뉴질랜드,(주)한국인삼공사,
2023-01-25,2023,1,25,Ee Room Pharm.,Deer velvet (dried),New Zealand,China,(주)이룸제약법인,건조녹용,DRIED RED DEER VELVET ANTLER,녹용(건조),"TIELING JIDA DEER PRODUCTS PROCESSING CO., LTD.",2023-01-04 ~,뉴질랜드,중국,(주)이룸제약법인,
2023-01-17,2023,1,17,Ee Room Pharm.,Deer velvet (dried),New Zealand,China,(주)이룸제약법인,건조녹용,DRIED RED DEER VELVET ANTLER,녹용(건조),"TIELING JIDA DEER PRODUCTS PROCESSING CO., LTD.",2023-01-04 ~,뉴질랜드,중국,(주)이룸제약법인,
2023-01-10,2023,1,10,YW International,Deer velvet (frozen),New Zealand,New Zealand,와이더블유 인터내셔날,냉동녹용,FROZEN RED DEER VELVET ANTLER(WHOLE),생녹용(냉동),TASMAN VELVETPROCESSORS LTD,,뉴질랜드,뉴질랜드,와이더블유 인터내셔날,
2023-01-03,2023,1,3,HwaYong Pharm.,Deer velvet (frozen),New Zealand,New Zealand,화용제약,생녹용(냉동),FROZEN DEER HORN,생녹용(냉동),STREAMLANDS EXPORTS NZ LTD,2022-12-16 ~,뉴질랜드,뉴질랜드,화용제약,
2022-12-21,2022,12,21,Yujin Trade,Deer velvet (dried),Russia,Russia,유진통상,건조녹용,DEER HORN,녹용(건조),OOOEXPO PANT,,러시아,러시아,유진통상,
2022-12-21,2022,12,21,Yujin Trade,Deer velvet (dried),New Zealand,China,유진통상,건조녹용,DRIED REDDEER VELVET ANTLER,녹용(건조),"DALIAN CHANG LU DEER INDUSTRY CO., LTD",2022-11-30 ~,뉴질랜드,중국,유진통상,
2022-12-21,2022,12,21,Onnuri Bio,Deer velvet (frozen),New Zealand,New Zealand,(주)온누리바이오생약,녹용,DEER HORN,녹용(냉동),PROVELCO CO OPERATIVE LTD,2022-12-05 ~,뉴질랜드,뉴질랜드,(주)온누리바이오생약,
2022-12-15,2022,12,15,KNC Deertrade,Deer velvet (frozen),New Zealand,New Zealand,(주)케이앤씨디어트레이드,생녹용(냉동),FROZEN RED DEER VELVET ANTLER,생녹용(냉동),CK IMPORT EXPORT CO.(NZ) LTD,2022-12-08 ~,뉴질랜드,뉴질랜드,(주)케이앤씨디어트레이드,
2022-12-13,2022,12,13,Bio Dot (Han Dong Herb),Deer velvet (frozen),New Zealand,New Zealand,(주)바이오닷,생녹용(냉동),FROZEN RED DEER VELVET ANTLER,생녹용(냉동),CK IMPORT EXPORT CO.(NZ) LTD,2022-12-07 ~,뉴질랜드,뉴질랜드,(주)바이오닷,
2022-12-13,2022,12,13,HwaYong Pharm.,Deer velvet (frozen),New Zealand,New Zealand,화용제약,생녹용(냉동),FROZEN DEER HORN,생녹용(냉동),STREAMLANDS EXPORTS NZ LTD,2022-12-01 ~,뉴질랜드,뉴질랜드,화용제약,
2022-12-13,2022,12,13,Ilseong Food,Deer velvet (dried),New Zealand,China,일성식품,녹용,DEER HORN,녹용(건조),"DALIAN F.T.Z MINGWEI INDUSTRY TRADE CO.,LTD",2022-11-16 ~,뉴질랜드,중국,일성식품,
2022-12-07,2022,12,7,JoEun Pharm,Deer velvet (dried),Russia,Russia,조은생약,녹용,DEER HORN,녹용(건조),"UIMON CO.,LTD",2022-10-24 ~,러시아,러시아,조은생약,
2022-11-21,2022,11,21,Onnuri Bio,Deer velvet (dried),New Zealand,China,(주)온누리바이오생약,녹용,DEER HORN,녹용(건조),"TIELING JIDA DEER PRODUCTS PROCESSING CO., LTD.",2022-10-18 ~,뉴질랜드,중국,(주)온누리바이오생약,
2022-11-21,2022,11,21,Eryong Pharm.,Deer velvet (dried),New Zealand,China,주식회사 이룡제약,녹용,DEER HORN,녹용(건조),"TIELING JIDA DEER PRODUCTS PROCESSING CO., LTD.",2022-11-02 ~,뉴질랜드,중국,주식회사 이룡제약,
2022-11-03,2022,11,3,DaeWon RTD,Deer velvet (dried),Russia,Russia,(주)대원알디티,녹용(건조),DEER HORNS VELVET ANTLER,녹용(건조),SPK ABAISKI,,러시아,러시아,(주)대원알디티,
2022-11-03,2022,11,3,SamBo (Mr. Kang in Busan),Deer velvet (dried),New Zealand,New Zealand,삼보제약,녹용(건조),DRIED RED DEER VELVET ANTLER (WHOLE),녹용(건조),UB BIO LIMITED,2022-10-14 ~,뉴질랜드,뉴질랜드,삼보제약,
2022-10-26,2022,10,26,Eryong Pharm.,Deer velvet (dried),New Zealand,China,주식회사 이룡제약,녹용,DEER HORN,녹용(건조),"XIFENG COUNTRY TIANYU LOCAL PRODUCT OF PANAX AND PILOSE PROCESSING CO., LTD",2022-09-13 ~,뉴질랜드,중국,주식회사 이룡제약,
2022-10-18,2022,10,18,KGC,Deer velvet (dried),New Zealand,New Zealand,(주)한국인삼공사,녹용(건조),DRIED RED DEER VELVET ANTLER,녹용(건조),PAREX INTERNATIONAL LTD,,뉴질랜드,뉴질랜드,(주)한국인삼공사,
2022-10-04,2022,10,4,KGC,Deer velvet (dried),,New Zealand,(주)한국인삼공사,녹용(건조),DRIED RED DEER VELVET ANTLER,녹용(건조),PGG WRIGHTSON LTD-VELVET,,,,(주)한국인삼공사,
2022-09-23,2022,9,23,KGC,Deer velvet (dried),,New Zealand,(주)한국인삼공사,녹용(건조),DRIED RED DEER VELVET ANTLER,녹용(건조),PAREX INTERNATIONAL LTD,,,,(주)한국인삼공사,
2022-09-15,2022,9,15,YW International,Deer velvet (frozen),,New Zealand,와이더블유 인터내셔날,냉동녹용,FROZEN WHOLE RED DEER VELVET ANTLER,생녹용(냉동),ROKLAND CORPORATION LIMITED,,,,와이더블유 인터내셔날,
2022-09-02,2022,9,2,KGC,Deer velvet (dried),,New Zealand,(주)한국인삼공사,녹용(건조),DRIED RED DEER VELVET ANTLER,녹용(건조),PAREX INTERNATIONAL LTD,,,,(주)한국인삼공사,
2022-08-29,2022,8,29,Bibong Herb,Deer velvet (dried),,New Zealand,주식회사 비봉허브,녹용,DEER HORN,녹용(건조),PROVELCO CO OPERATIVE LTD,,,,주식회사 비봉허브,
2022-08-24,2022,8,24,KGC,Deer velvet (dried),,New Zealand,(주)한국인삼공사,녹용(건조),DRIED RED DEER VELVET ANTLER,녹용(건조),PGG WRIGHTSON LTD-VELVET,,,,(주)한국인삼공사,
2022-08-08,2022,8,8,Eryong Pharm.,Deer velvet (dried),,New Zealand,주식회사 이룡제약,녹용,DEER HORN,녹용(건조),STREAMLANDS EXPORTS NZ LTD,,,,주식회사 이룡제약,
2022-08-05,2022,8,5,Yujin Trade,Deer velvet (dried),,China,유진통상,건조녹용,DRIED REDDEER VELVET ANTLER,녹용(건조),"DALIAN CHANG LU DEER INDUSTRY CO., LTD",,,,유진통상,
2022-08-04,2022,8,4,Onnuri Bio,Deer velvet (frozen),,New Zealand,(주)온누리바이오생약,녹용,DEER HORN,녹용(냉동),PROVELCO CO OPERATIVE LTD,,,,(주)온누리바이오생약,
2022-07-29,2022,7,29,KGC,Deer velvet (dried),,New Zealand,(주)한국인삼공사,녹용(건조),DRIED RED DEER VELVET ANTLER,녹용(건조),PAREX INTERNATIONAL LTD,,,,(주)한국인삼공사,
2022-07-12,2022,7,12,KGC,Deer velvet (dried),,New Zealand,(주)한국인삼공사,녹용(건조),DRIED RED DEER VELVET ANTLER,녹용(건조),PGG WRIGHTSON LTD-VELVET,,,,(주)한국인삼공사,
2022-07-07,2022,7,7,KNC Deertrade,Deer velvet (frozen),,New Zealand,(주)케이앤씨디어트레이드,생녹용(냉동),FROZEN RED DEER VELVET ANTLER,생녹용(냉동),CK IMPORT EXPORT CO.(NZ) LTD,,,,(주)케이앤씨디어트레이드,
2022-07-05,2022,7,5,YW International,Deer velvet (frozen),,New Zealand,와이더블유 인터내셔날,냉동녹용,FROZEN RED DEER VELVET ANTLER(WHOLE),생녹용(냉동),TASMAN VELVETPROCESSORS LTD,,,,와이더블유 인터내셔날,
2022-06-30,2022,6,30,Hanbangin,Deer velvet (dried),,China,주식회사 한방인 농업법인회사,건조녹용,DRIED RED DEER VELVET ANTLER,녹용(건조),"TIELING JIDA DEER PRODUCTS PROCESSING CO., LTD.",,,,주식회사 한방인 농업법인회사,
2022-06-30,2022,6,30,KGC,Deer velvet (dried),,New Zealand,(주)한국인삼공사,녹용(건조),DRIED RED DEER VELVET ANTLER,녹용(건조),PGG WRIGHTSON LTD-VELVET,,,,(주)한국인삼공사,
2022-06-22,2022,6,22,HwaYong Pharm.,Deer velvet (frozen),,New Zealand,화용제약,생녹용(냉동),FROZEN DEER HORN,생녹용(냉동),STREAMLANDS EXPORTS NZ LTD,,,,화용제약,
2022-06-15,2022,6,15,Ee Room Pharm.,Deer velvet (dried),,China,(주)이룸제약법인,건조녹용,DRIED RED DEER VELVET ANTLER,녹용(건조),"TIELING JIDA DEER PRODUCTS PROCESSING CO., LTD.",,,,(주)이룸제약법인,
2022-06-07,2022,6,7,KGC,Deer velvet (dried),,New Zealand,(주)한국인삼공사,건조녹용,DRIED RED DEER VELVET ANTLER,녹용(건조),PAREX INTERNATIONAL LTD,,,,(주)한국인삼공사,
2022-05-19,2022,5,19,Siwon Pharmaceutical,Deer velvet (frozen),,New Zealand,(주)시원생약,생녹용,FROZEN DEER HORN,생녹용(냉동),ALPINE DEER NZLP,,,,(주)시원생약,
2022-05-11,2022,5,11,KNC Deertrade,Deer velvet (frozen),,New Zealand,(주)케이앤씨디어트레이드,생녹용,FROZEN RED DEER VELVET ANTLER,생녹용(냉동),YIK LUNG TONG(NZ) INTERNAIONAL LIMITED,,,,(주)케이앤씨디어트레이드,
2022-05-11,2022,5,11,YW International,Deer velvet (frozen),,New Zealand,와이더블유 인터내셔날,냉동녹용,FROZEN RED DEER VELVET ANTLER(WHOLE),생녹용(냉동),TASMAN VELVETPROCESSORS LTD,,,,와이더블유 인터내셔날,
2022-05-09,2022,5,9,KGC,Deer velvet (dried),,New Zealand,(주)한국인삼공사,녹용(건조),DRIED RED DEER VELVET ANTLER,녹용(건조),PGG WRIGHTSON LTD-VELVET,,,,(주)한국인삼공사,
2022-05-09,2022,5,9,Bibong Herb,Deer velvet (dried),,New Zealand,주식회사 비봉허브,녹용(건조),DRIED RED DEER VELVET ANTLER,녹용(건조),STREAMLANDS EXPORTS NZ LTD,,,,주식회사 비봉허브,
2022-05-09,2022,5,9,Harang Muyak,Deer velvet (dried),,China,하랑무약,녹용(건조),DRIED RED DEER VELVET ANTLER,녹용(건조),"TIELING JIDA DEER PRODUCTS PROCESSING CO., LTD.",,,,하랑무약,
2022-05-09,2022,5,9,YongBo (Mr. Woljin Kim),Deer velvet (dried),,China,(주)용보제약,녹용(건조),DRIED RED DEER VELVET ANTLER,녹용(건조),"XIFENG MINHE DEER PRODUCTS CO.,LTD",,,,(주)용보제약,
2022-05-09,2022,5,9,WooSung (Mr Bang),Deer velvet (dried),,China,(주)우성생약,녹용(건조),DRIED RED DEER VELVET ANTLER,녹용(건조),"XIFENG MINHE DEER PRODUCTS CO.,LTD",,,,(주)우성생약,
2022-04-25,2022,4,25,Hansun Trading,Deer velvet (dried),,China,한선트레이딩 주식회사,건조녹용,DRIED RED DEER VELVET ANTLER,녹용(건조),"TIELING JIDA DEER PRODUCTS PROCESSING CO., LTD.",,,,한선트레이딩 주식회사,
2022-04-18,2022,4,18,Chunho N Care,Deer velvet (dried),,New Zealand,(주)천호엔케어,건조녹용,DRIED RED DEER VELVET ANTLER,녹용(건조),STREAMLANDS EXPORTS NZ LTD,,,,(주)천호엔케어,
2022-04-18,2022,4,18,KGC,Deer velvet (dried),,New Zealand,(주)한국인삼공사,건조녹용,DRIED RED DEER VELVET ANTLER,녹용(건조),PAREX INTERNATIONAL LTD,,,,(주)한국인삼공사,
2022-04-18,2022,4,18,Onnuri Bio,Deer velvet (dried),,China,(주)온누리바이오생약,녹용,DEER HORN,녹용(건조),"TIELING JIDA DEER PRODUCTS PROCESSING CO., LTD.",,,,(주)온누리바이오생약,
2022-04-12,2022,4,12,KNC Deertrade,Deer velvet (frozen),,New Zealand,(주)케이앤씨디어트레이드,생녹용(냉동),FROZEN RED DEER VELVET ANTLER,생녹용(냉동),CK IMPORT EXPORT CO.(NZ) LTD,,,,(주)케이앤씨디어트레이드,
2022-04-06,2022,4,6,KGC,Deer velvet (dried),,New Zealand,(주)한국인삼공사,건조녹용,DRIED RED DEER VELVET ANTLER,녹용(건조),PGG WRIGHTSON LTD-VELVET,,,,(주)한국인삼공사,
2022-04-06,2022,4,6,K&C,Deer velvet (dried),,China,케이앤씨(K&C),건조녹용,DRIED RED DEER VELVET ANTLER,녹용(건조),"XIFENG MINHE DEER PRODUCTS CO.,LTD",,,,케이앤씨(K&C),
2022-04-06,2022,4,6,Ee Room Pharm.,Deer velvet (dried),,China,(주)이룸제약법인,건조녹용,DRIED RED DEER VELVET ANTLER,녹용(건조),"TIELING JIDA DEER PRODUCTS PROCESSING CO., LTD.",,,,(주)이룸제약법인,
2022-04-01,2022,4,1,KGC,Deer velvet (dried),,New Zealand,(주)한국인삼공사,건조녹용,DRIED RED DEER VELVET ANTLER,녹용(건조),PAREX INTERNATIONAL LTD,,,,(주)한국인삼공사,
2022-04-01,2022,4,1,Hyangna Bio,Deer velvet (dried),,New Zealand,향나바이오 주식회사,녹용,DEER HORN,녹용(건조),ANZ FOOD TRADING CO,,,,향나바이오 주식회사,
2022-03-18,2022,3,18,KGC,Deer velvet (dried),,New Zealand,(주)한국인삼공사,건조녹용,DRIED RED DEER VELVET ANTLER,녹용(건조),PGG WRIGHTSON LTD-VELVET,,,,(주)한국인삼공사,
2022-03-15,2022,3,15,KNC Deertrade,Deer velvet (frozen),,New Zealand,(주)케이앤씨디어트레이드,생녹용(냉동),FROZEN RED DEER VELVET ANTLER,생녹용(냉동),PAREX INTERNATIONAL LTD,,,,(주)케이앤씨디어트레이드,
2022-03-10,2022,3,10,Ilseong Food,Deer velvet (dried),,China,일성식품,녹용,DEER HORN,녹용(건조),"TIELING JIDA DEER PRODUCTS PROCESSING CO., LTD.",,,,일성식품,
2022-02-21,2022,2,21,Bibong Herb,Deer velvet (dried),,New Zealand,주식회사 비봉허브,녹용(건조),DRIED RED DEER VELVET ANTLER,녹용(건조),PROVELCO CO OPERATIVE LTD,,,,주식회사 비봉허브,
2022-02-16,2022,2,16,Bia Tech,Deer velvet (dried),,Russia,비아텍주식회사,녹용(건조),DRIED MARAL VELVET ANTLER,녹용(건조),LLC GEYA,,,,비아텍주식회사,
2022-02-15,2022,2,15,Hyangna Bio,Deer velvet (dried),,New Zealand,향나바이오 주식회사,녹용,DEER HORN,녹용(건조),STREAMLANDS EXPORTS NZ LTD,,,,향나바이오 주식회사,
2022-02-10,2022,2,10,MyungGa (Mr.Lee in Daegu),Deer velvet (dried),,New Zealand,명가녹용 주식회사,녹용,DRIED RED DEER VELVET ANTLER(WHOLE),녹용(건조),PROVELCO CO OPERATIVE LTD,,,,명가녹용 주식회사,
2022-02-03,2022,2,3,HwaYong Pharm.,Deer velvet (dried),,China,화용제약,녹용,DEER HORN,녹용(건조),"TIELING JIDA DEER PRODUCTS PROCESSING CO., LTD.",,,,화용제약,
2022-01-27,2022,1,27,MyungGa (Mr.Lee in Daegu),Deer velvet (frozen),,New Zealand,명가녹용 주식회사,생녹용,FROZEN RED DEER VELVET ANTLER,생녹용(냉동),PROVELCO CO OPERATIVE LTD,,,,명가녹용 주식회사,
2022-01-26,2022,1,26,Bio Dot (Han Dong Herb),Deer velvet (frozen),,New Zealand,(주)바이오닷,생녹용,FROZEN RED DEER VELVET ANTLER,생녹용(냉동),PROVELCO CO OPERATIVE LTD,,,,(주)바이오닷,
2022-01-25,2022,1,25,Eryong Pharm.,Deer velvet (frozen),,New Zealand,주식회사 이룡제약,녹용,DEER HORN,녹용(냉동),PROVELCO CO OPERATIVE LTD,,,,주식회사 이룡제약,
2022-01-24,2022,1,24,Ilseong Food,Deer velvet (dried),,China,일성식품,녹용,DEER HORN,녹용(건조),"TIELING JIDA DEER PRODUCTS PROCESSING CO., LTD.",,,,일성식품,
2022-01-20,2022,1,20,KNC Deertrade,Deer velvet (frozen),,New Zealand,(주)케이앤씨디어트레이드,생녹용(냉동),FROZEN RED DEER VELVET ANTLER,생녹용(냉동),CK IMPORT EXPORT CO.(NZ) LTD,,,,(주)케이앤씨디어트레이드,
2022-01-17,2022,1,17,KNC Deertrade,Deer velvet (frozen),,New Zealand,(주)케이앤씨디어트레이드,생녹용(냉동),FROZEN RED DEER VELVET ANTLER,생녹용(냉동),CK IMPORT EXPORT CO.(NZ) LTD,,,,(주)케이앤씨디어트레이드,
2022-01-17,2022,1,17,KNC Deertrade,Deer velvet (frozen),,New Zealand,(주)케이앤씨디어트레이드,생녹용(냉동),FROZEN RED DEER VELVET ANTLER,생녹용(냉동),CK IMPORT EXPORT CO.(NZ) LTD,,,,(주)케이앤씨디어트레이드,
2022-01-11,2022,1,11,YW International,Deer velvet (frozen),,New Zealand,와이더블유 인터내셔날,생녹용(냉동),FROZEN WHOLE DEER VELVET ANTLER,,ROKLAND CORPORATION LIMITED,,,,와이더블유 인터내셔날,
2021-12-28,2021,12,28,Ee Room Pharm.,Deer velvet (dried),,China,(주)이룸제약법인,건조녹용,DRIED RED DEER VELVET ANTLER,,"TIELING JIDA DEER PRODUCTS PROCESSING CO., LTD.",,,,(주)이룸제약법인,
2021-12-24,2021,12,24,Bio Dot (Han Dong Herb),Deer velvet (frozen),,New Zealand,(주)바이오닷,생녹용,FROZEN RED DEER VELVET ANTLER,,ALPINE DEER NZ LP,,,,(주)바이오닷,
2021-12-24,2021,12,24,WooSung (Mr Bang),Deer velvet (dried),,China,(주)우성생약,녹용(건조),DRIED RED DEER VELVET ANTLER,,"XIFENG MINHE DEER PRODUCTS CO.,LTD",,,,(주)우성생약,
2021-11-24,2021,11,24,Taeahn (Mr. Ahn),Deer velvet,,Russia,태안약업(주),녹용,DEER HORN,,"UIMON CO.,LTD",,,,태안약업(주),
2021-11-22,2021,11,22,Hyangna Bio,Deer velvet,,Russia,향나바이오 주식회사,녹용,DEER HORN,,OOO MARAL-ASOHRA,,,,향나바이오 주식회사,
2021-11-22,2021,11,22,Ilseong Food,Deer velvet,,Russia,일성식품,녹용,DEER HORN,,OOO MARAL-ASOHRA,,,,일성식품,
2021-11-22,2021,11,22,YW International,Deer velvet,,New Zealand,와이더블유 인터내셔날,녹용,DRIED WHOLE DEER VELVET,,ROKLAND CORPORATION LIMITED,,,,와이더블유 인터내셔날,
2021-11-22,2021,11,22,JoEun Pharm,Deer velvet,,Russia,조은생약,녹용,DEER HORN,,"UIMON CO.,LTD",,,,조은생약,
2021-11-15,2021,11,15,MyungGa (Mr.Lee in Daegu),Deer velvet,,Russia,명가녹용 주식회사,녹용,MARAL DEER HORNS,,OOO MARAL-ASOHRA,,,,명가녹용 주식회사,
2021-11-09,2021,11,9,K&C,Deer velvet (dried),,China,케이앤씨(K&C),건조녹용,DRIED RED DEER VELVET ANTLER,,"XIFENG MINHE DEER PRODUCTS CO.,LTD",,,,케이앤씨(K&C),
2021-11-09,2021,11,9,Bia Tech,Deer velvet (dried),,Russia,비아텍주식회사,녹용(건조),DRIED MARAL VELVET ANTLER,,LLC GEYA,,,,비아텍주식회사,
2021-11-05,2021,11,5,DaeWon RTD,Deer velvet (dried),,Russia,(주)대원알디티,녹용(건조),DEER HORNS VELVET ANTLER,,SPK ABAISKI,,,,(주)대원알디티,
2021-11-05,2021,11,5,Onnuri Bio,Deer velvet,,China,(주)온누리바이오생약,녹용,DEER HORN,,"DALIAN F.T.Z MINGWEI INDUTRY TRADE CO.,LTD",,,,(주)온누리바이오생약,
2021-11-05,2021,11,5,Daeheung Pharm,Deer velvet,,Russia,(주)대흥제약,녹용,DEER HORN,,"OOO ""SEMINSKY""",,,,(주)대흥제약,
2021-11-02,2021,11,2,YW International,Deer velvet,,Russia,와이더블유 인터내셔날,녹용,MARAL DEER HORNS,,OOO MARAL-ASOHRA,,,,와이더블유 인터내셔날,
2021-10-25,2021,10,25,Heungsoo Nogyong,Deer velvet (dried),,Russia,흥수녹용,녹용(건조),DEER HORNS VELVET ANTLER,,KARYAKINA A.F,,,,흥수녹용,
2021-10-19,2021,10,19,KNC Deertrade,Deer velvet (frozen),,New Zealand,(주)케이앤씨디어트레이드,생녹용,FROZEN RED DEER VELVET ANTLER,,PAREX INTERNATIONAL LTD,,,,(주)케이앤씨디어트레이드,
2021-10-01,2021,10,1,K&C,Deer velvet (dried),,China,케이앤씨(K&C),건조녹용,DRIED RED DEER VELVET ANTLER,,"XIFENG MINHE DEER PRODUCTS CO.,LTD",,,,케이앤씨(K&C),
2021-10-01,2021,10,1,WooSung (Mr. Bang),Deer velvet (dried),,China,우성생약(주),녹용(건조),DRIED RED DEER VELVET ANTLER,,"XIFENG MINHE DEER PRODUCTS CO.,LTD",,,,우성생약(주),
2021-10-01,2021,10,1,Yujin Trade,Deer velvet (dried),,Russia,유진통상,건조녹용,DEER HORN,,OOOEXPO PANT,,,,유진통상,
2021-09-24,2021,9,24,HwaYong Pharm.,Deer velvet,,China,화용제약,녹용,DEER HORN,,"DALIAN F.T.Z MINGWEI INDUTRY TRADE CO.,LTD",,,,화용제약,
2021-09-13,2021,9,13,Hyangna Bio,Deer velvet,,China,향나바이오 주식회사,녹용,DEER HORN,,"DALIAN F.T.Z MINGWEI INDUTRY TRADE CO.,LTD",,,,향나바이오 주식회사,
2021-09-06,2021,9,6,Onnuri Bio,Deer velvet,,China,(주)온누리바이오생약,녹용,DEER HORN,,"TIELING JIDA DEER PRODUCTS PROCESSING CO., LTD.",,,,(주)온누리바이오생약,
2021-08-31,2021,8,31,Ee Room Pharm.,Deer velvet (dried),,China,(주)이룸제약법인,건조녹용,DRIED RED DEER VELVET ANTLER,,"TIELING JIDA DEER PRODUCTS PROCESSING CO., LTD.",,,,(주)이룸제약법인,
2021-08-23,2021,8,23,Onnuri Bio,Deer velvet,,Russia,(주)온누리바이오생약,녹용,DEER HORN,,LTD TEN-EXPORT,,,,(주)온누리바이오생약,
2021-08-23,2021,8,23,Bibong Herb,Deer velvet (dried),,New Zealand,주식회사 비봉허브,녹용(건조),DRIED RED DEER VELVET ANTLER,,PROVELCO CO-OPERATIVE LTD,,,,주식회사 비봉허브,
2021-08-18,2021,8,18,Ee Room Pharm.,Deer velvet (dried),,China,(주)이룸제약법인,건조녹용,DRIED RED DEER VELVET ANTLER,,"TIELING JIDA DEER PRODUCTS PROCESSING CO., LTD.",,,,(주)이룸제약법인,
2021-08-09,2021,8,9,KGC,Deer velvet (dried),,New Zealand,(주)한국인삼공사,건조녹용,DRIED RED DEER VELVET ANTLER,,PAREX INTERNATIONAL LTD,,,,(주)한국인삼공사,
2021-07-20,2021,7,20,KGC,Deer velvet (dried),,New Zealand,(주)한국인삼공사,건조녹용,DRIED RED DEER VELVET ANTLER,,PGG WRIGHTSON,,,,(주)한국인삼공사,
2021-07-20,2021,7,20,Ee Room Pharm.,Deer velvet (dried),,Russia,(주)이룸제약법인,건조녹용,DEER HORNS VELVET ANTLER,,APPLIED BIOTECHNOLOGY LTD,,,,(주)이룸제약법인,
2021-07-14,2021,7,14,YW International,Deer velvet (frozen),,New Zealand,와이더블유 인터내셔날,냉동녹용,FROZEN RED DEER VELVET ANTLER(WHOLE),,TASMAN VELVET PROCESSORS LTD,,,,와이더블유 인터내셔날,
2021-07-12,2021,7,12,KGC,Deer velvet (dried),,New Zealand,(주)한국인삼공사,건조녹용,DRIED RED DEER VELVET ANTLER,,PAREX INTERNATIONAL LTD,,,,(주)한국인삼공사,
2021-06-30,2021,6,30,Siwon Pharmaceutical,Deer velvet (frozen),,New Zealand,(주)시원생약,생녹용,FROZEN DEER HORN,,ALPINE DEER NZ LP - LUGGATE,,,,(주)시원생약,
2021-06-28,2021,6,28,MyungGa (Mr.Lee in Daegu),Deer velvet (frozen),,New Zealand,명가녹용 주식회사,생녹용,FROZEN RED DEER VELVET ANTLER,,UBBIO LTD,,,,명가녹용 주식회사,
2021-06-28,2021,6,28,KGC,Deer velvet (dried),,New Zealand,(주)한국인삼공사,건조녹용,DRIED RED DEER VELVET ANTLER,,PGG WRIGHTSON,,,,(주)한국인삼공사,
2021-06-01,2021,6,1,"KVIE (Alex, HanPure)",Deer velvet (dried),,China,(주)대한녹용수출입법인,녹용(건조),DEER HORN,,XIFENG MINHE DEER PRODUCTS PROCESSING CO LTD,,,,(주)대한녹용수출입법인,
2021-06-01,2021,6,1,Onnuri Bio,Deer velvet,,China,(주)온누리바이오생약,녹용,DEER HORN,,"XIFENG COUNTY JIYUAN DEER PRODUCTS PROCESSING CO.,LTD",,,,(주)온누리바이오생약,
2021-06-01,2021,6,1,Eryong Pharm.,Deer velvet,,China,주식회사 이룡제약,녹용,DEER HORN,,"XIFENG COUNTRY TIANYU LOCAL PRODUCT OF PANAX AND PILOSE PROCESSING CO., LTD",,,,주식회사 이룡제약,
2021-05-31,2021,5,31,Yujin Trade,Deer velvet (dried),,Russia,유진통상,건조녹용,DEER HORN,,OOO<<EXPOPANT>>,,,,유진통상,
2021-05-26,2021,5,26,KGC,Deer velvet (dried),,New Zealand,(주)한국인삼공사,건조녹용,DRIED RED DEER VELVET ANTLER,,PAREX INTERNATIONAL LTD,,,,(주)한국인삼공사,
2021-05-26,2021,5,26,KGC,Deer velvet (dried),,New Zealand,(주)한국인삼공사,녹용(건조),DRIED RED DEER VELVET ANTLER,,PGG WRIGHTSON,,,,(주)한국인삼공사,
2021-05-18,2021,5,18,YW International,Deer velvet (frozen),,New Zealand,와이더블유 인터내셔날,냉동녹용,FROZEN RED DEER VELVET ANTLER(WHOLE),,TASMAN VELVET PROCESSORS LTD,,,,와이더블유 인터내셔날,
2021-05-14,2021,5,14,Ee Room Pharm.,Deer velvet (dried),,New Zealand,(주)이룸제약법인,건조녹용,DRIED RED DEER VELVET ANTLER,,ANZ FOOD TRADING CO,,,,(주)이룸제약법인,
2021-04-29,2021,4,29,Geonhyang Pharm.,Deer velvet (dried),,Russia,건향제약주식회사,녹용(건조),DEER HORNS,,REVITAL LTD,,,,건향제약주식회사,
2021-04-29,2021,4,29,KGC,Deer velvet (dried),,New Zealand,(주)한국인삼공사,녹용(건조),DRIED RED DEER VELVET ANTLER,,PGG WRIGHTSON,,,,(주)한국인삼공사,
2021-04-09,2021,4,9,KGC,Deer velvet (dried),,New Zealand,(주)한국인삼공사,건조녹용,DRIED RED DEER VELVET ANTLER,,PAREX INTERNATIONAL LTD,,,,(주)한국인삼공사,
2021-04-06,2021,4,6,Bio Dot (Han Dong Herb),Deer velvet (frozen),,New Zealand,(주)바이오닷,생녹용,FROZEN RED DEER VELVET ANTLER,,PROVELCO CO-OPERATIVE LIMITED,,,,(주)바이오닷,
2021-03-30,2021,3,30,WooSung (Mr Bang),Deer velvet (dried),,China,(주)우성생약,녹용(건조),DRIED RED DEER VELVET ANTLER,,XIFENG MINHE DEER PRODUCTS PROCESSING CO LTD,,,,(주)우성생약,
2021-03-26,2021,3,26,KNC Deertrade,Deer velvet (dried),,Russia,(주)케이앤씨디어트레이드,녹용(건조),DRIED MARAL VELVET ANTLER(WHOLE),,IP SHPILEKOV ALEXEY MIKHAILOVICH,,,,(주)케이앤씨디어트레이드,
2021-03-24,2021,3,24,Chunho N Care,Deer velvet (dried),,New Zealand,(주)천호엔케어,건조녹용,DRIED RED DEER VELVET ANTLER,,PROVELCO CO-OPERATIVE LTD,,,,(주)천호엔케어,
2021-03-17,2021,3,17,KGC,Deer velvet (dried),,New Zealand,(주)한국인삼공사,건조녹용,DRIED RED DEER VELVET ANTLER,,PAREX INTERNATIONAL LTD,,,,(주)한국인삼공사,
2021-02-25,2021,2,25,HwaYong Pharm.,Deer velvet (frozen),,New Zealand,화용제약,생녹용(냉동),FROZEN DEER HORN,,PROVELCO CO-OPERATIVE LIMITED,,,,화용제약,
2021-02-24,2021,2,24,Hannature,Deer velvet,,Russia,한네이처(Hannature),녹용,DEER HORN,,LTD TEN EXPORT,,,,한네이처(Hannature),
2021-02-16,2021,2,16,KNC Deertrade,Deer velvet (frozen),,New Zealand,(주)케이앤씨디어트레이드,생녹용,FROZEN RED DEER VELVET ANTLER,,YIK LUNG TONG (NZ) INTERNATIONAL LIMITED,,,,(주)케이앤씨디어트레이드,
2021-02-02,2021,2,2,Handong Herb,Deer velvet (frozen),,New Zealand,(주)한동허브,생녹용(냉동),FROZEN RED DEER VELVET ANTLER,,TSENGS ENTERPRISES (NZ) LIMITED,,,,(주)한동허브,
2021-02-01,2021,2,1,Heungsoo Nogyong,Deer velvet (dried),,Russia,흥수녹용,녹용(건조),DEER HORNS VELVET ANTLER,,KARYAKINA A.F,,,,흥수녹용,
2021-01-27,2021,1,27,"Jinsoo Deer Co., Ltd.",Deer velvet (dried),,New Zealand,(주)진수녹용,녹용(건조),DRIED RED DEER VELVET ANTLER,,PAREX INTERNATIONAL LTD,,,,(주)진수녹용,
2021-01-26,2021,1,26,HwaYong Pharm.,Deer velvet (frozen),,New Zealand,화용제약,생녹용(냉동),FROZEN DEER HORN,,PROVELCO CO-OPERATIVE LIMITED,,,,화용제약,
2021-01-22,2021,1,22,SamBo (Mr. Kang in Busan),Deer velvet (frozen),,New Zealand,삼보제약,생녹용,FROZEN RED DEER VELVET ANTLER,,PROVELCO CO-OPERATIVE LIMITED,,,,삼보제약,
2021-01-22,2021,1,22,Onnuri Bio,Deer velvet,,New Zealand,(주)온누리바이오생약,녹용,DEER HORN,,PROVELCO CO-OPERATIVE LIMITED,,,,(주)온누리바이오생약,
2021-01-05,2021,1,5,DaeWon RTD,Deer velvet (dried),,Russia,(주)대원알디티,녹용(건조),DEER HORNS VELVET ANTLER,,APK <<ABAISKY>>,,,,(주)대원알디티,
2021-01-04,2021,1,4,JoEun Pharm,Deer velvet,,Russia,조은생약,녹용,DEER HORN,,APPLIED BIOTECHNOLOGY LTD,,,,조은생약,
2020-12-17,2020,12,17,Yujin Trade,Deer velvet (dried),,Russia,유진통상,건조녹용,DEER HORN,,OOO<<EXPOPANT>>,,,,유진통상,
2020-12-09,2020,12,9,Jinka Food,Deer velvet (frozen),,New Zealand,진가식품,생녹용(냉동),FROZEN RED DEER VELVET ANTLER,,PROVELCO CO-OPERATIVE LIMITED,,,,진가식품,
2020-12-09,2020,12,9,WonYong Bonga,Dried deer velvet (whole stick),,Russia,원용본가,건조녹용(전지),DRIED HORN VELVET ANTLER,,IP SHPILEKOV ALEXEY MIKHAILOVICH,,,,원용본가,
2020-11-27,2020,11,27,Yuhan Care,Deer velvet,,New Zealand,주식회사 유한건강생활,녹용,FROZEN WHOLE STICK VELVET,,ALPINE DEER NZ LP - LUGGATE,,,,주식회사 유한건강생활,
2020-11-27,2020,11,27,Daeheung Pharm,Deer velvet,,Russia,(주)대흥제약,녹용,DEER HORN,,OOO SEMUNSKIY,,,,(주)대흥제약,
2020-11-27,2020,11,27,WooSung (Mr Bang),Deer velvet (dried),,New Zealand,(주)우성생약,녹용(건조),DRIED RED DEER VELVET ANTLER,,ROKLAND CORPORATION LIMITED,,,,(주)우성생약,
2020-11-23,2020,11,23,Eryong Pharm.,Deer velvet (dried),,China,주식회사 이룡제약,건조녹용,DRIED MAROK VELVET ANTLER,,DALIAN F T Z JUNFENG INTERNATIONAL INDUSTRIAL & TRADE CO LTD,,,,주식회사 이룡제약,
2020-11-09,2020,11,9,Yujin Trade,Deer velvet (dried),,Russia,유진통상,건조녹용,DEER HORN,,OOO<<EXPOPANT>>,,,,유진통상,
2020-11-09,2020,11,9,Ee Room Pharm.,Deer velvet (dried),,Russia,(주)이룸제약법인,건조녹용,DRIED RED DEER VELVET ANTLER,,APPLIED BIOTECHNOLOGY LTD,,,,(주)이룸제약법인,
2020-11-04,2020,11,4,DaeWon RTD,Deer velvet (dried),,Russia,(주)대원알디티,녹용(건조),DEER HORNS VELVET ANTLER,,APK <<ABAISKY>>,,,,(주)대원알디티,
2020-11-04,2020,11,4,Ilseong Food,Deer velvet,,Russia,일성식품,녹용,DEER HORN,,OOO MARAL-ASOHRA,,,,일성식품,
2020-10-19,2020,10,19,Ee Room Pharm.,Deer velvet (dried),,China,(주)이룸제약법인,건조녹용,DRIED RED DEER VELVET ANTLER,,"XIFENG COUNTY JIYUAN DEER PRODUCTS PROCESSING CO.,LTD",,,,(주)이룸제약법인,
2020-09-25,2020,9,25,WonYong Bonga,Dried deer velvet (whole stick),,Russia,원용본가,건조녹용(전지),DRIED HORN VELVET ANTLER,,IP SHPILEKOV ALEXEY MIKHAILOVICH,,,,원용본가,
2020-09-04,2020,9,4,KGC,Deer velvet (dried),,New Zealand,주식회사 한국인삼공사,녹용(건조),DRIED RED DEER VELVET ANTLER,,PGGWRIGHTSON,,,,주식회사 한국인삼공사,
2020-09-02,2020,9,2,"Jinsoo Deer Co., Ltd.",Deer velvet (dried),,China,(주)진수녹용,녹용(건조),DRIED RED DEER VELVET,,XIFENG MINHE DEER PRODUCTS PROCESSING CO LTD,,,,(주)진수녹용,
2020-08-26,2020,8,26,Handong Herb,Deer velvet (frozen),,New Zealand,(주)한동허브,생녹용,FROZEN RED DEER VELVET ANTLER,,PROVELCO CO-OPERATIVE LIMITED,,,,(주)한동허브,
2020-08-13,2020,8,13,KGC,Deer velvet (dried),,New Zealand,주식회사 한국인삼공사,녹용(건조),DRIED RED DEER VELVET ANTLER,,PGGWRIGHTSON,,,,주식회사 한국인삼공사,
2020-08-05,2020,8,5,KGC,Deer velvet (dried),,New Zealand,주식회사 한국인삼공사,녹용(건조),DRIED RED DEER VELVET ANTLER,,PAREX INTERNATIONAL LTD,,,,주식회사 한국인삼공사,
2020-07-21,2020,7,21,YW International,Deer velvet (frozen),,New Zealand,와이더블유 인터내셔날,냉동녹용,FROZEN RED DEER VELVET ANTLER(WHOLE),,TASMAN VELVET PROCESSORS LTD,,,,와이더블유 인터내셔날,
2020-07-20,2020,7,20,KGC,Deer velvet (dried),,New Zealand,주식회사 한국인삼공사,녹용(건조),DRIED RED DEER VELVET ANTLER,,PGGWRIGHTSON,,,,주식회사 한국인삼공사,
2020-07-01,2020,7,1,KGC,Deer velvet (dried),,New Zealand,주식회사 한국인삼공사,녹용(건조),DRIED RED DEER VELVET ANTLER,,PGGWRIGHTSON,,,,주식회사 한국인삼공사,
2020-06-22,2020,6,22,KGC,Deer velvet (dried),,New Zealand,주식회사 한국인삼공사,녹용(건조),DRIED RED DEER VELVET ANTLER,,PAREX INTERNATIONAL LTD,,,,주식회사 한국인삼공사,
2020-06-22,2020,6,22,KGC,Deer velvet (dried),,New Zealand,주식회사 한국인삼공사,녹용(건조),DRIED RED DEER VELVET ANTLER,,PAREX INTERNATIONAL LTD,,,,주식회사 한국인삼공사,
2020-06-22,2020,6,22,WooSung (Mr Bang),Deer velvet (dried),,New Zealand,(주)우성생약,녹용(건조),DRIED RED DEER VELVET ANTLER,,ROKLAND CORPORATION LIMITED,,,,(주)우성생약,
2020-06-09,2020,6,9,KNC Deertrade,Deer velvet (frozen),,New Zealand,(주)케이앤씨디어트레이드,생녹용,FROZEN RED DEER VELVET ANTLER,,TSENGS ENTERPRISES (NZ) LIMITED,,,,(주)케이앤씨디어트레이드,
2020-06-09,2020,6,9,KGC,Deer velvet (dried),,New Zealand,주식회사 한국인삼공사,녹용(건조),DRIED RED DEER VELVET ANTLER,,PGG WRIGHTSON LTD-VELVET,,,,주식회사 한국인삼공사,
2020-06-05,2020,6,5,YongBo (Mr. Woljin Kim),Deer velvet,,New Zealand,(주)용보제약,녹용,DRIED RED DEER VELVET,,HYUN DAE DEER PRODUCTS LTD,,,,(주)용보제약,
2020-06-04,2020,6,4,Bibong Herb,Deer velvet (dried),,New Zealand,주식회사 비봉허브,녹용(건조),DRIED RED DEER VELVET ANTLER,,PROVELCO CO-OPERATIVE LIMITED,,,,주식회사 비봉허브,
2020-05-27,2020,5,27,KNC Deertrade,Deer velvet (frozen),,New Zealand,(주)케이앤씨디어트레이드,생녹용,FROZEN RED DEER VELVET ANTLER,,PAREX INTERNATIONAL LTD,,,,(주)케이앤씨디어트레이드,
2020-05-25,2020,5,25,KGC,Deer velvet (dried),,New Zealand,주식회사 한국인삼공사,녹용(건조),DRIED RED DEER VELVET ANTLER,,PAREX INTERNATIONAL LTD,,,,주식회사 한국인삼공사,
2020-04-28,2020,4,28,Eryong Pharm.,Deer velvet (dried),,China,주식회사 이룡제약,건조녹용,DRIED RED DEER VELVET ANTLER,,"DALIAN F.T.Z INDUSTRY TRADE CO.,LTD.",,,,주식회사 이룡제약,
2020-03-25,2020,3,25,KGC,Deer velvet (dried),,New Zealand,주식회사 한국인삼공사,건조녹용,DRIED RED DEER VELVET ANTLER,,PAREX INTERNATIONAL LTD,,,,주식회사 한국인삼공사,
2020-03-23,2020,3,23,Handong Herb,Deer velvet (frozen),,New Zealand,(주)한동허브,생녹용,FROZEN RED DEER VELVET ANTLER,,PROVELCO CO OPERATIVE LTD,,,,(주)한동허브,
2020-03-16,2020,3,16,Yujin Trade,Deer velvet (dried),,China,유진통상,건조녹용,DRIED RED DEER VELVET,,"DALIAN CHANG LU DEER INDUSTRY CO., LTD",,,,유진통상,
2020-03-03,2020,3,3,KGC,Deer velvet (dried),,New Zealand,주식회사 한국인삼공사,건조녹용,DRIED RED DEER VELVET ANTLER,,ROKLAND CORPORATION LIMITED,,,,주식회사 한국인삼공사,
2020-02-25,2020,2,25,KGC,Deer velvet (dried),,New Zealand,주식회사 한국인삼공사,건조녹용,DRIED RED DEER VELVET ANTLER,,PAREX INTERNATIONAL LTD,,,,주식회사 한국인삼공사,
2020-02-25,2020,2,25,YW International,Deer velvet (frozen),,New Zealand,와이더블유 인터내셔날,냉동녹용,FROZEN RED DEER VELVET ANTLER(WHOLE),,TASMAN VELVETPROCESSORS LTD,,,,와이더블유 인터내셔날,
2020-02-25,2020,2,25,Chunho N Care,Deer velvet (dried),,New Zealand,(주)천호엔케어,건조녹용,DRIED RED DEER VELVET ANTLER,,PROVELCO CO OPERATIVE LTD,,,,(주)천호엔케어,
2020-02-21,2020,2,21,Daeheung Pharm,Deer velvet,,Russia,(주)대흥제약,녹용,DEER HORN,,"OOO ""SEMINSKY""",,,,(주)대흥제약,
2020-02-14,2020,2,14,Jinka Food,Deer velvet (frozen),,New Zealand,진가식품,생녹용,FROZEN RED DEER VELVET ANTLER,,CK IMPORT EXPORT CO.(NZ) LTD,,,,진가식품,
2020-02-14,2020,2,14,Wonkyung Yakup,Deer velvet (frozen),,New Zealand,(주)원경약업사,냉동녹용,FROZEN RED DEER VELVET ANTLER(WHOLE),,TASMAN VELVETPROCESSORS LTD,,,,(주)원경약업사,
2020-02-13,2020,2,13,Ilseong Food,Deer velvet,,China,일성식품,녹용,DEER HORN,,"XIFENG COUNTY JIYUAN DEER PRODUCTS PROCESSING CO.,LTD",,,,일성식품,
2020-02-13,2020,2,13,Bibong Herb,Deer velvet (dried),,New Zealand,주식회사 비봉허브,건조녹용,DRIED RED DEER VELVET ANTLER,,PROVELCO CO OPERATIVE LTD,,,,주식회사 비봉허브,
2020-01-21,2020,1,21,KNC Deertrade,Deer velvet (frozen),,New Zealand,(주)케이앤씨디어트레이드,생녹용,FROZEN RED DEER VELVET ANTLER,,TSENGS ENTERPRISES (N.Z.) LIMITED,,,,(주)케이앤씨디어트레이드,
2020-01-10,2020,1,10,YW International,Deer velvet (frozen),,New Zealand,와이더블유 인터내셔날,냉동녹용,FROZEN RED DEER VELVET ANTLER(WHOLE),,TASMAN VELVETPROCESSORS LTD,,,,와이더블유 인터내셔날,
2020-01-08,2020,1,8,Daedeok Pharm.,Deer velvet,,Russia,(주)대덕제약,녹용,MARAL DEER HORNS,,OOO MARAL-ASOHRA,,,,(주)대덕제약,
2020-01-08,2020,1,8,MyungGa (Mr.Lee in Daegu),Deer velvet,,Russia,명가녹용 주식회사,녹용,MARAL DEER HORNS,,OOO MARAL-ASOHRA,,,,명가녹용 주식회사,
2020-01-06,2020,1,6,DaeWon RTD,Deer velvet (dried),,Russia,(주)대원알디티,건녹용,DEER HORNS VELVET ANTLER,,KARYAKINA A.F,,,,(주)대원알디티,
2020-01-06,2020,1,6,Geonhyang Pharm.,Deer velvet (dried),,Russia,건향제약주식회사,건조녹용,DRIED MARAL VELVET ANTLER(WHOLE),,"SPK ""TALITSA""",,,,건향제약주식회사,
2019-12-31,2019,12,31,KNC Deertrade,Deer velvet (frozen),,New Zealand,(주)케이앤씨디어트레이드,생녹용,FROZEN RED DEER VELVET ANTLER,,PAREX INTERNATIONAL LTD,,,,(주)케이앤씨디어트레이드,
2019-12-18,2019,12,18,Jinka Food,Deer velvet (frozen),,New Zealand,진가식품,생녹용,FROZEN RED DEER VELVET ANTLER,,CK IMPORT EXPORT CO.(NZ) LTD,,,,진가식품,
2019-12-13,2019,12,13,Onnuri Bio,Deer velvet (frozen),,New Zealand,(주)온누리바이오생약,생녹용,FROZEN RED DEER VELVET ANTLER,,ROKLAND CORPORATION LIMITED,,,,(주)온누리바이오생약,
2019-12-03,2019,12,3,YW International,Deer velvet (frozen),,New Zealand,와이더블유 인터내셔날,냉동녹용,FROZEN RED DEER VELVET ANTLER(WHOLE),,TASMAN VELVETPROCESSORS LTD,,,,와이더블유 인터내셔날,
2019-12-03,2019,12,3,KNC Deertrade,Deer velvet (frozen),,New Zealand,(주)케이앤씨디어트레이드,생녹용,FROZEN RED DEER VELVET ANTLER,,PAREX INTERNATIONAL LTD,,,,(주)케이앤씨디어트레이드,
2019-11-28,2019,11,28,Daeho Pharm.,Deer velvet (frozen),,New Zealand,대호제약주식회사,생녹용,FROZEN RED DEER VELVET ANTLER,,ROKLAND CORPORATION LIMITED,,,,대호제약주식회사,
2019-10-28,2019,10,28,DaeWon RTD,Deer velvet (dried),,Russia,(주)대원알디티,건녹용,DEER HORNS VELVET ANTLER,,SPK ABAISKI,,,,(주)대원알디티,
2019-10-21,2019,10,21,KGC,Deer velvet (dried),,New Zealand,주식회사 한국인삼공사,건조녹용,DRIED RED DEER VELVET ANTLER,,PGG WRIGHTSON LTD-VELVET,,,,주식회사 한국인삼공사,
2019-10-21,2019,10,21,Ilseong Food,Deer velvet,,Russia,일성식품,녹용,DEER HORN,,"OOO""MARAL-ASOHRA""",,,,일성식품,
2019-10-17,2019,10,17,Daeheung Pharm,Deer velvet,,Russia,(주)대흥제약,녹용,DEER HORN,,"OOO ""SEMINSKY""",,,,(주)대흥제약,
2019-10-17,2019,10,17,Jinka Food,Deer velvet (frozen),,New Zealand,진가식품,생녹용,FROZEN RED DEER VELVET ANTLER,,CK IMPORT EXPORT CO.(NZ) LTD,,,,진가식품,
2019-10-15,2019,10,15,Yujin Trade,Deer velvet (dried),,Russia,유진통상,건조녹용,DEER HORN,,OOO ALTAI-SAD,,,,유진통상,
2019-10-02,2019,10,2,Handong Herb,Deer velvet (frozen),,New Zealand,한동허브,생녹용,FROZEN RED DEER VELVET ANTLER,,ALPINE DEER NZ LP,,,,한동허브,
2019-09-25,2019,9,25,KGC,Deer velvet (dried),,New Zealand,주식회사 한국인삼공사,건조녹용,DRIED RED DEER VELVET ANTLER,,PGG WRIGHTSON LTD-VELVET,,,,주식회사 한국인삼공사,
2019-08-28,2019,8,28,KNC Deertrade,Deer velvet (frozen),,New Zealand,(주)케이앤씨디어트레이드,생녹용,FROZEN RED DEER VELVET ANTLER,,PAREX INTERNATIONAL LTD,,,,(주)케이앤씨디어트레이드,
2019-08-28,2019,8,28,KGC,Deer velvet (dried),,New Zealand,주식회사 한국인삼공사,건조녹용,DRIED RED DEER VELVET ANTLER,,PGG WRIGHTSON LTD-VELVET,,,,주식회사 한국인삼공사,
2019-08-28,2019,8,28,WooSung (Mr Bang),Deer velvet (dried),,New Zealand,(주)우성생약,건조녹용,DRIED RED DEER VELVET ANTLER,,ROKLAND CORPORATION LIMITED,,,,(주)우성생약,
2019-08-28,2019,8,28,Bibong Herb,Deer velvet (dried),,New Zealand,주식회사 비봉허브,건조녹용,DRIED RED DEER VELVET ANTLER,,PROVELCO CO OPERATIVE LTD,,,,주식회사 비봉허브,
2019-08-06,2019,8,6,KGC,Deer velvet (dried),,New Zealand,주식회사 한국인삼공사,건조녹용,DRIED RED DEER VELVET ANTLER,,PGG WRIGHTSON LTD-VELVET,,,,주식회사 한국인삼공사,
2019-08-06,2019,8,6,Yujin Trade,Deer velvet (dried),,China,유진통상,건조녹용,DRIED RED DEER VELVET ANTLER,,"TIELING GANGTONG DEER PRODUCTS PROCESSING CO.,LTD",,,,유진통상,
2019-07-29,2019,7,29,HwaYong Pharm.,Deer velvet,,China,화용제약,녹용,DEER HORN,,DALIAN F.T.Z. JUN FENG INTERNATIONAL  INDUSTRTAL TRADE CO LTD,,,,화용제약,
2019-07-25,2019,7,25,KNC Deertrade,Deer velvet (frozen),,New Zealand,(주)케이앤씨디어트레이드,생녹용,FROZEN RED DEER VELVET ANTLER,,CK IMPORT EXPORT CO.(NZ) LTD,,,,(주)케이앤씨디어트레이드,
2019-07-12,2019,7,12,Yujin Trade,Deer velvet (dried),,Russia,유진통상,건조녹용,DEER HORN,,OOO ALTAI-SAD,,,,유진통상,
2019-07-02,2019,7,2,Wonkyung Yakup,Deer velvet (dried),,China,(주)원경약업사,건조녹용,DRIED RED DEER VELVET ANTLER,,"XIFENG MINHE DEER PRODUCTS CO.,LTD",,,,(주)원경약업사,
2019-07-02,2019,7,2,KNC Deertrade,Deer velvet (dried),,New Zealand,(주)케이앤씨디어트레이드,건녹용,DEER HORNS VELVET ANTLER,,PAREX INTERNATIONAL LTD.,,,,(주)케이앤씨디어트레이드,
2019-07-02,2019,7,2,KNC Deertrade,Deer velvet (dried),,Russia,(주)케이앤씨디어트레이드,건녹용,DEER HORNS VELVET ANTLER,,IP SHPILEKOV ALEXEY MIKHAILOVICH,,,,(주)케이앤씨디어트레이드,
2019-06-28,2019,6,28,Jinka Food,Deer velvet (frozen),,New Zealand,진가식품,생녹용,ROZEN RED DEER VELVET ANTLER,,PROVELCO CO OPERATIVE LTD,,,,진가식품,
2019-06-25,2019,6,25,KGC,Deer velvet (dried),,New Zealand,주식회사 한국인삼공사,건조녹용,DRIED RED DEER VELVET ANTLER,,PGG WRIGHTSON LTD-VELVET,,,,주식회사 한국인삼공사,
2019-06-04,2019,6,4,Yujin Trade,Deer velvet (dried),,China,유진통상,건조녹용,DEER VELVET,,"DALIAN F.T.Z. BAOHUA INTERNATIONAL INDUSTRY TRADE CO., LTD.",,,,유진통상,
2019-05-21,2019,5,21,KGC,Deer velvet (dried),,New Zealand,주식회사 한국인삼공사,건조녹용,DRIED RED DEER VELVET ANTLER,,ROKLAND CORPORATION LIMITED,,,,주식회사 한국인삼공사,
2019-05-21,2019,5,21,KGC,Deer velvet (dried),,New Zealand,주식회사 한국인삼공사,건조녹용,DRIED RED DEER VELVET ANTLER,,ROKLAND CORPORATION LIMITED,,,,주식회사 한국인삼공사,
2019-05-21,2019,5,21,Chunho N Care,Deer velvet (dried),,New Zealand,(주)천호엔케어,건조녹용,DRIED RED DEER VELVET ANTLER,,PROVELCO CO OPERATIVE LTD,,,,(주)천호엔케어,
2019-05-09,2019,5,9,YW International,Deer velvet (frozen),,New Zealand,와이더블유 인터내셔날,냉동녹용,FROZEN RED DEER VELVET ANTLER(WHOLE),,PGG WRIGHTSON LTD-VELVET,,,,와이더블유 인터내셔날,
2019-05-01,2019,5,1,Harang Muyak,Deer velvet (frozen),,New Zealand,하랑무약,생녹용,FROZEN RED DEER VELVET ANTLER,,ROKLAND CORPORATION LIMITED,,,,하랑무약,
2019-04-23,2019,4,23,Jinka Food,Deer velvet (frozen),,New Zealand,진가식품,생녹용,FROZEN RED DEER VELVET ANTLER,,UB BIO LIMITED,,,,진가식품,
2019-04-23,2019,4,23,KNC Deertrade,Deer velvet (frozen),,New Zealand,(주)케이앤씨디어트레이드,생녹용,FROZEN RED DEER VELVET ANTLER,,CK IMPORT EXPORT CO.(NZ) LTD,,,,(주)케이앤씨디어트레이드,
2019-04-22,2019,4,22,Bibong Herb,Deer velvet (dried),,New Zealand,주식회사 비봉허브,건조녹용,DRIED RED DEER VELVET ANTLER,,PROVELCO CO OPERATIVE LTD,,,,주식회사 비봉허브,
2019-04-17,2019,4,17,MyungGa (Mr.Lee in Daegu),Deer velvet,,New Zealand,명가녹용 주식회사,녹용,DRIED RED DEER VELVET ANTLER(WHOLE),,PROVELCO CO OPERATIVE LTD,,,,명가녹용 주식회사,
2019-04-16,2019,4,16,YongBo (Mr. Woljin Kim),Deer velvet,,New Zealand,(주)용보제약,녹용,DRIED RED DEER VELVET,,HYUN DAE DEER PRODUCTS LTD,,,,(주)용보제약,
2019-04-04,2019,4,4,KGC,Deer velvet (dried),,New Zealand,주식회사 한국인삼공사,건조녹용,DRIED RED DEER VELVET ANTLER,,ROKLAND CORPORATION LIMITED,,,,주식회사 한국인삼공사,
2019-04-04,2019,4,4,KGC,Deer velvet (dried),,New Zealand,주식회사 한국인삼공사,건조녹용,DRIED RED DEER VELVET ANTLER,,PGG WRIGHTSON LTD-VELVET,,,,주식회사 한국인삼공사,
2019-03-28,2019,3,28,Chunho N Care,Deer velvet (dried),,New Zealand,(주)천호엔케어,건조녹용,DRIED RED DEER VELVET ANTLER,,PROVELCO CO OPERATIVE LTD,,,,(주)천호엔케어,
2019-03-27,2019,3,27,KNC Deertrade,Deer velvet (frozen),,New Zealand,(주)케이앤씨디어트레이드,생녹용,FROZEN RED DEER VELVET ANTLER,,PAREX INTERNATIONAL LTD,,,,(주)케이앤씨디어트레이드,
2019-03-15,2019,3,15,Jinka Food,Deer velvet (frozen),,New Zealand,진가식품,생녹용,FROZEN RED DEER VELVET ANTLER,,CK IMPORT EXPORT CO.(NZ) LTD,,,,진가식품,
2019-02-27,2019,2,27,YW International,Deer velvet (frozen),,New Zealand,와이더블유 인터내셔날,냉동녹용,FROZEN RED DEER VELVET ANTLER(WHOLE),,TASMAN VELVETPROCESSORS LTD,,,,와이더블유 인터내셔날,
2019-02-15,2019,2,15,KGC,Deer velvet (dried),,New Zealand,주식회사 한국인삼공사,건조녹용,DRIED RED DEER VELVET ANTLER,,PAREX INTERNATIONAL LTD,,,,주식회사 한국인삼공사,
2019-02-15,2019,2,15,DHG Global,Deer velvet,,Russia,(주)디에이치지글로벌,녹용,DEER HORN,,FORTUNE METROPOLIS INVESTMENT COMPANY,,,,(주)디에이치지글로벌,
2019-02-12,2019,2,12,KNC Deertrade,Deer velvet (frozen),,New Zealand,(주)케이앤씨디어트레이드,생녹용,FROZEN RED DEER VELVET ANTLER,,CK IMPORT EXPORT CO.(NZ) LTD,,,,(주)케이앤씨디어트레이드,
2019-02-08,2019,2,8,Handong Herb,Deer velvet (frozen),,New Zealand,한동허브,생녹용,FROZEN RED DEER VELVET,,PGG WRIGHTSON LTD-VELVET,,,,한동허브,
2019-01-31,2019,1,31,YW International,Deer velvet (frozen),,New Zealand,와이더블유 인터내셔날,냉동녹용,FROZEN RED DEER VELVET ANTLER(WHOLE),,PGG WRIGHTSON LTD-VELVET,,,,와이더블유 인터내셔날,
2019-01-28,2019,1,28,JoEun Pharm,Deer velvet,,New Zealand,조은생약,녹용,DEER HORN,,UB BIO LIMITED,,,,조은생약,
2019-01-24,2019,1,24,Bibong Herb,Deer velvet (dried),,New Zealand,주식회사 비봉허브,건조녹용,DRIED RED DEER VELVET ANTLER,,PROVELCO CO OPERATIVE LTD,,,,주식회사 비봉허브,
2019-01-15,2019,1,15,Ilseong Food,Deer velvet,,China,일성식품,녹용,DEER HORN,,"XIFENG COUNTY JIYUAN DEER PRODUCTS PROCESSING CO.,LTD",,,,일성식품,
2019-01-15,2019,1,15,ShinSongGang Trade,Deer velvet,,Russia,신송강무역,녹용,DEER HORN,,"AYULA CO.,LTD",,,,신송강무역,
2018-12-26,2018,12,26,HwaYong Pharm.,Deer velvet,,China,화용제약,녹용,DEER HORN,,"XIFENG MINHE DEER PRODUCTS CO.,LTD",,,,화용제약,
2018-12-26,2018,12,26,Handong Herb,Deer velvet (frozen),,New Zealand,한동허브,생녹용,FROZEN RED DEER VELVET,,PGG WRIGHTSON LTD-VELVET,,,,한동허브,
2018-12-21,2018,12,21,KNC Deertrade,Deer velvet (frozen),,New Zealand,(주)케이앤씨디어트레이드,생녹용,FROZEN RED DEER VELVET ANTLER,,CK IMPORT EXPORT CO.(NZ) LTD,,,,(주)케이앤씨디어트레이드,
2018-12-18,2018,12,18,"Jinsoo Deer Co., Ltd.",Deer velvet (dried),,China,(주)진수녹용,건조녹용,DRIED RED DEER VELVET ANTLER,,"XIFENG COUNTY JIYUAN DEER PRODUCTS PROCESSING CO.,LTD",,,,(주)진수녹용,
2018-12-14,2018,12,14,Daeheung Pharm,Deer velvet,,China,(주)대흥제약,녹용,DEER HORN,,"DALIAN F.T.Z MINGWEI INDUSTRY TRADE CO.,LTD",,,,(주)대흥제약,
2018-12-13,2018,12,13,KNC Deertrade,Deer velvet (frozen),,New Zealand,(주)케이앤씨디어트레이드,생녹용,FROZEN RED DEER VELVET ANTLER,,CK IMPORT EXPORT CO.(NZ) LTD,,,,(주)케이앤씨디어트레이드,
2018-12-06,2018,12,6,YW International,Deer velvet,,China,와이더블유 인터내셔날,녹용,DRIED RED DEER VELVET ANTLER(WHOLE),,"DALIAN F.T.Z MINGWEI INDUSTRY TRADE CO.,LTD",,,,와이더블유 인터내셔날,
2018-12-05,2018,12,5,Daeheung Pharm,Deer velvet (dried),,Russia,㈜대흥제약,건조녹용,DEER HORN,,"OOO ""SEMINSKY""",,,,㈜대흥제약,
2018-11-23,2018,11,23,Hankook Onnuri Pharm,Deer velvet (frozen),,New Zealand,(주)한국온누리제약,생녹용,FROZEN RED DEER VELVET ANTLER,,TASMAN VELVET PROCESSORS LTD,,,,(주)한국온누리제약,
2018-11-09,2018,11,9,Ilseong Food,Deer velvet (dried),,Russia,일성식품,건조녹용,DEER HORN,,OOO MARAL-ASOHRA,,,,일성식품,
2018-10-17,2018,10,17,KGC,Deer velvet (dried),,New Zealand,주식회사 한국인삼공사,건조녹용,DRIED RED DEER VELVET ANTLER,,PGG WRIGHTSON LTD-VELVET,,,,주식회사 한국인삼공사,
2018-10-16,2018,10,16,KNC Deertrade,Deer velvet (frozen),,New Zealand,(주)케이앤씨디어트레이드,생녹용,FROZEN RED DEER VELVET ANTLER,,CK IMPORT EXPORT CO.(NZ) LTD,,,,(주)케이앤씨디어트레이드,
2018-10-11,2018,10,11,KGC,Deer velvet (dried),,New Zealand,주식회사 한국인삼공사,건조녹용,DRIED RED DEER VELVET ANTLER,,PGG WRIGHTSON LTD-VELVET,,,,주식회사 한국인삼공사,
2018-10-10,2018,10,10,Siwon Pharmaceutical,Deer velvet (frozen),,New Zealand,(주)시원생약,생녹용,FROZEN DEER HORN,,ALPINE DEER NZLP,,,,(주)시원생약,
2018-09-13,2018,9,13,KGC,Deer velvet (dried),,New Zealand,주식회사 한국인삼공사,건조녹용,DRIED RED DEER VELVET ANTLER,,PGG WRIGHTSON LTD-VELVET,,,,주식회사 한국인삼공사,
2018-08-30,2018,8,30,KGC,Deer velvet (dried),,New Zealand,주식회사 한국인삼공사,건조녹용,DRIED RED DEER VELVET ANTLER,,PROVELCO CO OPERATIVE LTD,,,,주식회사 한국인삼공사,
2018-08-30,2018,8,30,Bibong Herb,Deer velvet (dried),,New Zealand,주식회사 비봉허브,건조녹용,DRIED RED DEER VELVET ANTLER,,PROVELCO CO OPERATIVE LTD,,,,주식회사 비봉허브,
2018-08-21,2018,8,21,Yuhan Corporation.,Deer velvet (frozen),,New Zealand,(주)유한양행,생녹용,FROZEN WHOLE STICK VELVET,,ALPINE DEER NZLP,,,,(주)유한양행,
2018-08-14,2018,8,14,KGC,Deer velvet (dried),,New Zealand,주식회사 한국인삼공사,건조녹용,DRIED RED DEER VELVET ANTLER,,PGG WRIGHTSON LTD-VELVET,,,,주식회사 한국인삼공사,
2018-07-31,2018,7,31,KGC,Deer velvet (dried),,New Zealand,주식회사 한국인삼공사,건조녹용,DRIED RED DEER VELVET ANTLER,,PAREX INTERNATIONAL LTD.,,,,주식회사 한국인삼공사,
2018-07-24,2018,7,24,YongBo (Mr. Woljin Kim),Deer velvet (dried),,New Zealand,(주)용보제약,건조녹용,DRIED RED DEER VELVET,,HYUN DAE DEER PRODUCTS LTD,,,,(주)용보제약,
2018-07-18,2018,7,18,Yujin Trade,Deer velvet (frozen),,New Zealand,유진통상,생녹용,FROZEN RED DEER VELVET ANTLER,,CK IMPORT EXPORT CO.(NZ) LTD,,,,유진통상,
2018-07-18,2018,7,18,MyungGa (Mr.Lee in Daegu),Deer velvet (dried),,New Zealand,명가녹용 주식회사,건조녹용,DRIED RED DEER VELVET ANTLER(WHOLE),,UB BIO LIMITED,,,,명가녹용 주식회사,
2018-07-16,2018,7,16,KGC,Deer velvet (dried),,New Zealand,주식회사 한국인삼공사,건조녹용,DRIED RED DEER VELVET ANTLER,,PGG WRIGHTSON LTD-VELVET,,,,주식회사 한국인삼공사,
2018-07-10,2018,7,10,HwaYong Pharm.,Deer velvet (dried),,China,화용제약,건조녹용,DEER HORN,,"DALIAN F.T.Z. BAOHUA INTERNATIONAL INDUSTRY TRADE CO., LTD.",,,,화용제약,
2018-06-29,2018,6,29,KGC,Deer velvet (dried),,New Zealand,주식회사 한국인삼공사,건조녹용,DRIED RED DEER VELVET ANTLER,,ROKLAND CORPORATION LIMITED,,,,주식회사 한국인삼공사,
2018-06-21,2018,6,21,KGC,Deer velvet (dried),,New Zealand,주식회사 한국인삼공사,건조녹용,DRIED RED DEER VELVET ANTLER,,PGG WRIGHTSON LTD-VELVET,,,,주식회사 한국인삼공사,
2018-06-21,2018,6,21,KGC,Deer velvet (dried),,New Zealand,주식회사 한국인삼공사,건조녹용,DRIED RED DEER VELVET ANTLER,,PAREX INTERNATIONAL LTD.,,,,주식회사 한국인삼공사,
2018-06-05,2018,6,5,Handong Herb,Deer velvet (frozen),,New Zealand,한동허브,생녹용,FROZEN RED DEER VELVET,,PGG WRIGHTSON LTD-VELVET,,,,한동허브,
2018-05-29,2018,5,29,Chunho N Care,Deer velvet (dried),,New Zealand,(주)천호엔케어,건조녹용,DRIED RED DEER VELVET ANTLER,,PROVELCO CO OPERATIVE LTD,,,,(주)천호엔케어,
2018-05-29,2018,5,29,Ee Room Pharm.,Deer velvet (dried),,Hong Kong,(주)이룸제약법인,건조녹용,DRIED RED DEER VELVET ANTLER,,YIK LUNG TONG (H.K),,,,(주)이룸제약법인,
2018-05-23,2018,5,23,Yujin Trade,Deer velvet (frozen),,New Zealand,유진통상,생녹용,FROZEN RED DEER VELVET ANTLER,,ROKLAND CORPORATION LIMITED,,,,유진통상,
2018-05-15,2018,5,15,Jinka Food,Deer velvet (frozen),,New Zealand,진가식품,생녹용,FROZEN RED DEER VELVET ANTLER,,PROVELCO CO OPERATIVE LTD,,,,진가식품,
2018-05-11,2018,5,11,YongBo (Mr. Woljin Kim),Deer velvet (dried),,Russia,(주)용보제약,건조녹용,MARAL DEER HORNS,,OOO MARAL-ASOHRA,,,,(주)용보제약,
2018-05-11,2018,5,11,MyungGa (Mr.Lee in Daegu),Deer velvet (dried),,Russia,명가녹용 주식회사,건조녹용,MARAL DEER HORNS,,OOO MARAL-ASOHRA,,,,명가녹용 주식회사,
2018-05-08,2018,5,8,WooSung (Mr Bang),Deer velvet (dried),,China,(주)우성생약,건조녹용,DRIED RED DEER VELVET ANTLER,,ALIAN F.T.Z. JUN FENG INTERNATIONAL INDUSTRTAL TRADE CO LTD,,,,(주)우성생약,
2018-05-08,2018,5,8,KGC,Deer velvet (dried),,New Zealand,주식회사 한국인삼공사,건조녹용,DRIED RED DEER VELVET ANTLER,,PGG WRIGHTSON LTD-VELVET,,,,주식회사 한국인삼공사,
2018-05-01,2018,5,1,Chunho N Care,Deer velvet (dried),,New Zealand,(주)천호엔케어,건조녹용,DRIED RED DEER VELVET ANTLER,,PROVELCO CO OPERATIVE LTD,,,,(주)천호엔케어,
2018-04-20,2018,4,20,KGC,Deer velvet (dried),,New Zealand,주식회사 한국인삼공사,건조녹용,DRIED RED DEER VELVET ANTLER,,PGG WRIGHTSON LTD-VELVET,,,,주식회사 한국인삼공사,
2018-04-16,2018,4,16,YongBo (Mr. Woljin Kim),Deer velvet (dried),,New Zealand,(주)용보제약,건조녹용,DRIED RED DEER VELVET,,HYUN DAE DEER PRODUCTS LTD,,,,(주)용보제약,
2018-03-30,2018,3,30,Chunho Food,Deer velvet (dried),,New Zealand,천호식품(주)양산공장,건조녹용,DRIED RED DEER VELVET ANTLER,,PROVELCO CO OPERATIVE LTD,,,,천호식품(주)양산공장,
2018-03-27,2018,3,27,Handong Herb,Deer velvet (frozen),,New Zealand,한동허브,생녹용,FROZEN RED DEER VELVET,,PGG WRIGHTSON LTD-VELVET,,,,한동허브,
2018-03-22,2018,3,22,Yujin Trade,Deer velvet (frozen),,New Zealand,유진통상,생녹용,FROZEN RED DEER VELVET ANTLER,,CK IMPORT EXPORT CO.(NZ) LTD,,,,유진통상,
2018-03-21,2018,3,21,YongBo (Mr. Woljin Kim),Deer velvet,,New Zealand,(주)용보제약,녹용,DRIED RED DEER VELVET,,HYUN DAE DEER PRODUCTS LTD,,,,(주)용보제약,
2018-03-14,2018,3,14,Handong Herb,Deer velvet (frozen),,New Zealand,한동허브,생녹용,FROZEN RED DEER VELVET,,PROVELCO CO OPERATIVE LTD,,,,한동허브,
2018-03-13,2018,3,13,KGC,Deer velvet (dried),,New Zealand,주식회사 한국인삼공사,건조녹용,DRIED RED DEER VELVET ANTLER,,PGG WRIGHTSON LTD-VELVET,,,,주식회사 한국인삼공사,
2018-03-05,2018,3,5,"KVIE (Alex, HanPure)",Deer velvet,,China,(주)대한녹용수출입법인,녹용,DRIED RED DEER VELVET ANTLER(WHOLE),,"XIFENG MINHE DEER PRODUCTS CO.,LTD",,,,(주)대한녹용수출입법인,
2018-03-05,2018,3,5,MyungGa (Mr.Lee in Daegu),Deer velvet,,New Zealand,명가녹용 주식회사,녹용,DRIED RED DEER VELVET ANTLER(WHOLE),,PAREX INTERNATIONAL LTD,,,,명가녹용 주식회사,
2018-03-02,2018,3,2,Taeahn (Mr. Ahn),Deer velvet,,China,태안약업(주),녹용,DRIED RED DEER VELVET,,"TIELING JIDA DEER PRODUCTS PROCESSING CO., LTD.",,,,태안약업(주),
2018-02-28,2018,2,28,KGC,Deer velvet (dried),,New Zealand,주식회사 한국인삼공사,건조녹용,DRIED RED DEER VELVET ANTLER,,PGG WRIGHTSON LTD-VELVET,,,,주식회사 한국인삼공사,
2018-02-26,2018,2,26,Yuhan Corporation.,Deer velvet,,New Zealand,(주)유한양행,녹용,FROZEN WHOLE STICK VELVET,,ALPINE DEER NZLP,,,,(주)유한양행,
2018-02-14,2018,2,14,SamBo (Mr. Kang in Busan),Deer velvet,,New Zealand,삼보제약,녹용,DRIED RED DEER VELVET ANTLER (WHOLE),,HYUN DAE DEER PRODUCTS LTD,,,,삼보제약,
2018-02-09,2018,2,9,Herb&Solution,Deer velvet (dried),,New Zealand,주식회사 허브앤솔루션,건조녹용,DRIED RED DEER VELVET ANTLER,,PROVELCO CO OPERATIVE LTD,,,,주식회사 허브앤솔루션,
2018-02-09,2018,2,9,KNC Deertrade,Deer velvet (frozen),,New Zealand,(주)케이앤씨디어트레이드,생녹용,FROZEN RED DEER VELVET ANTLER,,PROVELCO CO OPERATIVE LTD,,,,(주)케이앤씨디어트레이드,
2018-02-06,2018,2,6,Yujin Trade,Deer velvet (frozen),,New Zealand,유진통상,생녹용,FROZEN RED DEER VELVET ANTLER,,ROKLAND CORPORATION LIMITED,,,,유진통상,
2018-02-06,2018,2,6,YongBo (Mr. Woljin Kim),Deer velvet,,New Zealand,(주)용보제약,녹용,DRIED RED DEER VELVET,,HYUN DAE DEER PRODUCTS LTD,,,,(주)용보제약,
2018-01-25,2018,1,25,Daeho Pharm.,Deer velvet (frozen),,New Zealand,대호제약주식회사,생녹용,FROZEN RED DEER VELVET ANTLER,,TSENGS ENTERPRISES (N.Z.) LIMITED,,,,대호제약주식회사,
2018-01-25,2018,1,25,KGC,Deer velvet (dried),,New Zealand,주식회사 한국인삼공사,건조녹용,DRIED RED DEER VELVET ANTLER,,PGG WRIGHTSON LTD-VELVET,,,,주식회사 한국인삼공사,
2018-01-17,2018,1,17,Ee Room Pharm.,Deer velvet (dried),,China,(주)이룸제약법인,건조녹용,DRIED RED DEER VELVET ANTLER,,"XIFENG COUNTY JIYUAN DEER PRODUCTS PROCESSING CO.,LTD",,,,(주)이룸제약법인,
2018-01-10,2018,1,10,Yujin Trade,Deer velvet (frozen),,New Zealand,유진통상,생녹용,FROZEN RED DEER VELVET ANTLER,,ROKLAND CORPORATION LIMITED,,,,유진통상,
2018-01-05,2018,1,5,"Jinsoo Deer Co., Ltd.",Deer velvet (dried),,China,(주)진수녹용,건조녹용,DRIED RED DEER VELVET ANTLER,,"TIELING JIDA DEER PRODUCTS PROCESSING CO., LTD.",,,,(주)진수녹용,
2018-01-02,2018,1,2,Handong Herb,Deer velvet (frozen),,New Zealand,한동허브,생녹용,FROZEN RED DEER VELVET,,PGG WRIGHTSON LTD-VELVET,,,,한동허브,
2017-12-28,2017,12,28,Yuhan Corporation.,Dried deer velvet - for research,,New Zealand,(주)유한양행,연구용 건조 녹용,DRIED DEER VELVET,,ALPINE DEER NZ LP,,,,(주)유한양행,
2017-12-28,2017,12,28,SamBo (Mr. Kang in Busan),Deer velvet,,New Zealand,삼보제약,녹용,DRIED RED DEER VELVET ANTLER (WHOLE),,UB BIO LIMITED,,,,삼보제약,
2017-12-27,2017,12,27,KNC Deertrade,Deer velvet (frozen),,New Zealand,(주)케이앤씨디어트레이드,생녹용,FROZEN RED DEER VELVET ANTLER,,PROVELCO CO OPERATIVE LTD,,,,(주)케이앤씨디어트레이드,
2017-11-15,2017,11,15,DaeWon RTD,Deer velvet (dried),,Russia,(주)대원알디티,건조녹용,DRIED MARAL VELVET ANTLER ( CERVUS ELAPHUS ),,KARYAKINA A.F,,,,(주)대원알디티,
2017-11-14,2017,11,14,KNC Deertrade,Deer velvet (frozen),,New Zealand,(주)케이앤씨디어트레이드,생녹용,FROZEN RED DEER VELVET ANTLER,,PROVELCO CO OPERATIVE LTD,,,,(주)케이앤씨디어트레이드,
2017-11-08,2017,11,8,DaeWon RTD,Deer velvet,,Russia,(주)대원알디티,녹용,DRIED MARAL VELVET ANTLER ( CERVUS ELAPHUS ),,APK ABAISKY,,,,(주)대원알디티,
2017-10-26,2017,10,26,YongBo (Mr. Woljin Kim),Deer velvet,,New Zealand,(주)용보제약,녹용,DRIED RED DEER VELVET,,HYUN DAE DEER PRODUCTS LTD,,,,(주)용보제약,
2017-10-24,2017,10,24,SamBo (Mr. Kang in Busan),Deer velvet,,New Zealand,삼보제약,녹용,DRIED RED DEER VELVET ANTLER (WHOLE),,UB BIO LIMITED,,,,삼보제약,
2017-10-19,2017,10,19,Yuhan Corporation.,Dried deer velvet - for research,,New Zealand,(주)유한양행,연구용 건조 녹용,100% SLICED DRIED DEER ANTLER VELVET,,"CK IMPORT EXPORT CO.,LTD",,,,(주)유한양행,
2017-09-18,2017,9,18,SeoHwa Pharm.,Hard antlers,,Russia,(주)서화제약,녹각,DEER HARD ANTLER(CERVUS ELAPHUS),,EASTERNWARD TRADING CO.,,,,(주)서화제약,
2017-09-11,2017,9,11,Taeahn (Mr. Ahn),Deer velvet,,Russia,태안약업(주),녹용,DEER VELVET,,GOLDEN FIELD(FAR EAST)LTD,,,,태안약업(주),
2017-09-06,2017,9,6,Handong Herb,Hard antlers,,Russia,한동허브,녹각,MARAL HARD ANTLER ( CERVUS ELAPHUS ),,HAN GANG GROUP INT'L TRADE CO LIMITED,,,,한동허브,
2017-08-22,2017,8,22,YongBo (Mr. Woljin Kim),Deer velvet (dried),,New Zealand,(주)용보제약,건녹용,DRIED RED DEER VELVET,,HYUN DAE DEER PRODUCTS LTD,,,,(주)용보제약,
2017-08-08,2017,8,8,JooShin Pharm,Hard antlers,,Russia,주신제약(주),녹각,DEER HARD HORN (CERVUS ELAPHUS),,FORTUNE METROPOLIS INVESTMENT COMPANY,,,,주신제약(주),
2017-07-20,2017,7,20,SamBo (Mr. Kang in Busan),Deer velvet (dried),,New Zealand,삼보제약,건녹용,DRIED RED DEER VELVET ANTLER (WHOLE),,UB BIO LIMITED,,,,삼보제약,
2017-07-19,2017,7,19,KGC,Deer velvet (dried),,New Zealand,주식회사 한국인삼공사,건녹용,DRIED RED DEER VELVET ANTLER,,PGG WRIGHTSON LTD-VELVET,,,,주식회사 한국인삼공사,
2017-07-19,2017,7,19,KNC Deertrade,Deer velvet (dried),,Russia,(주)케이앤씨디어트레이드,건녹용,DEER HORNS,,OOO MARAL-ASOHRA,,,,(주)케이앤씨디어트레이드,
2017-07-18,2017,7,18,Handong Herb,Deer velvet (dried),,Russia,한동허브,건녹용,DEER HORNS,,OOO MARAL-ASOHRA,,,,한동허브,
2017-07-11,2017,7,11,KGC,Deer velvet (dried),,New Zealand,주식회사 한국인삼공사,건녹용,DRIED RED DEER VELVET ANTLER,,PGG WRIGHTSON LTD-VELVET,,,,주식회사 한국인삼공사,
2017-07-11,2017,7,11,KGC,Deer velvet (dried),,New Zealand,주식회사 한국인삼공사,건녹용,DRIED RED DEER VELVET ANTLER,,CK IMPORT EXPORT CO.(NZ) LTD,,,,주식회사 한국인삼공사,
2017-07-04,2017,7,4,KGC,Deer velvet (dried),,New Zealand,주식회사 한국인삼공사,건녹용,DRIED RED DEER VELVET ANTLER,,PROVELCO CO OPERATIVE LTD,,,,주식회사 한국인삼공사,
2017-06-21,2017,6,21,MyungGa (Mr.Lee in Daegu),Deer velvet (dried),,New Zealand,명가녹용 주식회사,건녹용,DRIED RED DEER VELVET ANTLER (WHOLE),,UB BIO LIMITED,,,,명가녹용 주식회사,
2017-06-20,2017,6,20,Handong Herb,Deer velvet (frozen),,New Zealand,한동허브,생녹용,FROZEN RED DEER VELVET,,PGG WRIGHTSON LTD-VELVET,,,,한동허브,
2017-06-19,2017,6,19,YongBo (Mr. Woljin Kim),Deer velvet (dried),,New Zealand,(주)용보제약,건녹용,DRIED RED DEER VELVET,,HYUN DAE DEER PRODUCTS LTD,,,,(주)용보제약,
2017-06-14,2017,6,14,KGC,Deer velvet (dried),,New Zealand,주식회사 한국인삼공사,건녹용,DRIED RED DEER VELVET ANTLER,,HYUN DAE DEER PRODUCTS LTD,,,,주식회사 한국인삼공사,
2017-06-05,2017,6,5,HwaYong Pharm.,Deer velvet,,China,화용제약,녹용,DEER HORN,,"TIELING JIDA DEER PRODUCTS PROCESSING CO., LTD.",,,,화용제약,
2017-06-05,2017,6,5,KGC,Deer velvet (dried),,New Zealand,주식회사 한국인삼공사,건녹용,DRIED RED DEER VELVET ANTLER,,CK IMPORT EXPORT CO.(NZ) LTD,,,,주식회사 한국인삼공사,
2017-06-05,2017,6,5,DongWha Pharmaceutical Trading Co.,Deer velvet,,Russia,동화무약,녹용,DEER HORN,,OOO MARAL-ASOHRA,,,,동화무약,
2017-06-01,2017,6,1,YongBo (Mr. Woljin Kim),Deer velvet (dried),,New Zealand,(주)용보제약,건녹용,DRIED RED DEER VELVET,,HYUN DAE DEER PRODUCTS LTD,,,,(주)용보제약,
2017-05-24,2017,5,24,KGC,Deer velvet (dried),,New Zealand,주식회사 한국인삼공사,건녹용,DRIED RED DEER VELVET ANTLER,,PROVELCO CO OPERATIVE LTD,,,,주식회사 한국인삼공사,
2017-05-12,2017,5,12,KNC Deertrade,Deer velvet (frozen),,New Zealand,(주)케이앤씨디어트레이드,생녹용,FROZEN RED DEER VELVET ANTLER,,CK IMPORT EXPORT CO.(NZ) LTD,,,,(주)케이앤씨디어트레이드,
2017-05-08,2017,5,8,KGC,Deer velvet (dried),,New Zealand,주식회사 한국인삼공사,건녹용,DRIED RED DEER VELVET ANTLER,,CK IMPORT EXPORT CO.(NZ) LTD,,,,주식회사 한국인삼공사,
2017-04-27,2017,4,27,Handong Herb,Deer velvet (frozen),,New Zealand,한동허브,생녹용,FROZEN RED DEER VELVET ANTLER,,CK IMPORT EXPORT CO.(NZ) LTD,,,,한동허브,
2017-04-12,2017,4,12,Su Food (Mr. Choi),Deer velvet (frozen),,New Zealand,(주)수식품,생녹용,FROZEN RED DEER VELVET ANTLER,,PROVELCO CO OPERATIVE LTD,,,,(주)수식품,
2017-04-05,2017,4,5,KGC,Deer velvet (dried),,New Zealand,주식회사 한국인삼공사,건녹용,DRIED RED DEER VELVET ANTLER,,ROKLAND CORPORATION LIMITED,,,,주식회사 한국인삼공사,
2017-04-04,2017,4,4,Herb&Solution,Deer velvet,,Russia,허브앤솔루션,녹용,MARAL DEER HORN(CERVUS ELAPHUS SIBIRICUS),,OOO MARAL-ASOHRA,,,,허브앤솔루션,
2017-03-09,2017,3,9,Su Food (Mr. Choi),Deer velvet (frozen),,New Zealand,(주)수식품,생녹용,FROZEN RED DEER VELVET ANTLER,,PROVELCO CO OPERATIVE LTD,,,,(주)수식품,
2017-03-08,2017,3,8,MyungGa (Mr.Lee in Daegu),Deer velvet (dried),,New Zealand,명가녹용 주식회사,건녹용,DRIED RED DEER VELVET ANTLER(WHOLE),,PAREX INTERNATIONAL LTD,,,,명가녹용 주식회사,
2017-02-22,2017,2,22,Handong Herb,Deer velvet (frozen),,New Zealand,한동허브,생녹용,FROZEN RED DEER VELVET ANTLER,,PROVELCO CO OPERATIVE LTD,,,,한동허브,
2017-02-14,2017,2,14,KNC Deertrade,Deer velvet (frozen),,New Zealand,(주)케이앤씨디어트레이드,생녹용,FROZEN RED DEER VELVET ANTLER,,ROKLAND CORPORATION LIMITED,,,,(주)케이앤씨디어트레이드,
2017-02-07,2017,2,7,Su Food (Mr. Choi),Deer velvet (dried),,Russia,(주)수식품,건녹용,DRIED DEER HORN(CERVUS ELAPHUS SIBIRICUS) (WHOLE),,FORTUNE METROPOLIS INVESTMENT COMPANY,,,,(주)수식품,
2017-01-31,2017,1,31,"KVIE (Alex, HanPure)",Deer velvet,,China,(주)대한녹용수출입법인,녹용,DEER HORN,,"XIFENG MINHE DEER PRODUCTS CO.,LTD",,,,(주)대한녹용수출입법인,
2017-01-18,2017,1,18,WooSung (Mr Bang),Deer velvet (frozen),,New Zealand,(주)우성생약,생녹용,FROZEN RED DEER VELVET ANTLER,,PROVELCO CO OPERATIVE LTD,,,,(주)우성생약,
2017-01-16,2017,1,16,SeoHwa Pharm.,Deer velvet,,Russia,(주)서화제약,녹용,DEER HORNS,,OOO MARAL-ASOHRA,,,,(주)서화제약,
2017-01-03,2017,1,3,Su Food (Mr. Choi),Deer velvet (frozen),,New Zealand,(주)수식품,생녹용,FROZEN RED DEER VELVET ANTLER,,PROVELCO CO OPERATIVE LTD,,,,(주)수식품,
2016-12-30,2016,12,30,HanKook Herb,Deer velvet (dried),,New Zealand,(주)한국허브,건녹용,DRIED RED DEER VELVET ANTLER (WHOLE),,UB BIO LIMITED,,,,(주)한국허브,
2016-12-20,2016,12,20,KNC Deertrade,Deer velvet (frozen),,New Zealand,(주)케이앤씨디어트레이드,생녹용,FROZEN RED DEER VELVET ANTLER,,CK IMPORT EXPORT CO.(NZ) LTD,,,,(주)케이앤씨디어트레이드,
2016-12-05,2016,12,5,YongBo (Mr. Woljin Kim),Deer velvet (dried),,New Zealand,(주)용보제약,건녹용,DRIED DEER VELVET,,ROKLAND CORPORATION LTD,,,,(주)용보제약,
2016-11-29,2016,11,29,Baikal Herb,Hard antlers,,Russia,바이칼허브,녹각,DEER HARD HORNS,,LLC ASIA GROUP,,,,바이칼허브,
2016-11-28,2016,11,28,Taeahn (Mr. Ahn),Hard antlers,,Russia,태안약업(주),녹각,DEER HARD HORN (CERVUS ELAPHUS),,BILLION WORLD TRADING LIMITED,,,,태안약업(주),
2016-11-18,2016,11,18,Hansun Trading,Hard antlers,,Russia,한선무역,녹각,DEER HARD HORNS,,HAN GANG GROUP INT'L TRADE CO LIMITED,,,,한선무역,
2016-11-18,2016,11,18,JoEun Pharm,Deer velvet,,Russia,조은생약,녹용,DEER HORN,,OOO EXPOPANT,,,,조은생약,
2016-11-17,2016,11,17,Su Food (Mr. Choi),Dried sliced deer velvet,,New Zealand,(주)수식품,건조절편녹용,DRIED RED DEER VELVET ANTLER (SLICED),,PROVELCO CO OPERATIVE LTD,,,,(주)수식품,
2016-11-16,2016,11,16,Su Food (Mr. Choi),Deer velvet (dried),,New Zealand,(주)수식품,건녹용,DRIED RED DEER VELVET ANTLER,,DALIAN SHENG EN DEER PRODUCTS CO LTD,,,,(주)수식품,
2016-11-11,2016,11,11,KGC,Deer velvet (dried),,New Zealand,주식회사 한국인삼공사,건녹용,DRIED RED DEER VELVET ANTLER,,PGG WRIGHTSON LTD-VELVET,,,,주식회사 한국인삼공사,
2016-11-11,2016,11,11,KGC,Deer velvet (dried),,New Zealand,주식회사 한국인삼공사,건녹용,DRIED RED DEER VELVET ANTLER,,ROKLAND CORPORATION LTD,,,,주식회사 한국인삼공사,
2016-10-26,2016,10,26,Ilseong Food,Deer velvet,,Russia,일성식품,녹용,DEER HORN,,OOO MARAL-ASOHRA,,,,일성식품,
2016-10-26,2016,10,26,KGC,Deer velvet (dried),,New Zealand,주식회사 한국인삼공사,건녹용,DRIED RED DEER VELVET ANTLER,,PGG WRIGHTSON LTD-VELVET,,,,주식회사 한국인삼공사,
2016-10-17,2016,10,17,KNC Deertrade,Deer velvet (dried),,Russia,(주)케이앤씨디어트레이드,건녹용,DEER HORNS,,GORIZONT LLC,,,,(주)케이앤씨디어트레이드,
2016-10-17,2016,10,17,Taeahn (Mr. Ahn),Deer velvet (dried),,New Zealand,태안약업(주),건녹용,DRIED DEER VELVET,,ROKLAND CORPORATION LTD,,,,태안약업(주),
2016-10-11,2016,10,11,DaeWon RTD,Deer velvet (dried),,Russia,(주)대원알디티,건녹용,DEER HORNS,,APK ABAISKY,,,,(주)대원알디티,
2016-10-10,2016,10,10,JoEun Pharm,Hard antlers,,Kazakhstan,조은생약,녹각,ANTLER (DRY DEER HORN),,LIMITED PARTNERSHIP MARALENOK,,,,조은생약,
2016-09-28,2016,9,28,HanKook Herb,Deer velvet (dried),,New Zealand,(주)한국허브,건녹용,DRIED RED DEER VELVET ANTLER (WHOLE),,UB BIO LIMITED,,,,(주)한국허브,
2016-09-07,2016,9,7,YongBo (Mr. Woljin Kim),Deer velvet (dried),,New Zealand,(주)용보제약,건녹용,DRIED DEER VELVET,,ROKLAND CORPORATION LTD,,,,(주)용보제약,
2016-08-05,2016,8,5,KGC,Deer velvet (dried),,New Zealand,(주)한국인삼공사,건녹용,DRIED RED DEER VELVET ANTLER,,PGG WRIGHTSON LTD-VELVET,,,,(주)한국인삼공사,
2016-08-01,2016,8,1,SamBo (Mr. Kang in Busan),Dried sliced deer velvet - Sangdae,,New Zealand,삼보제약,상대녹용절편,100% DRIED RED DEER SLICED VELVET (SANGDAE),,UB BIO LIMITED,,,,삼보제약,
2016-07-27,2016,7,27,Su Food (Mr. Choi),Deer velvet (frozen),,New Zealand,(주)수식품,생녹용,FROZEN RED DEER VELVET ANTLER,,PROVELCO CO OPERATIVE LTD,,,,(주)수식품,
2016-07-21,2016,7,21,SangNok Pharm.,Hard antlers,,"China ,Hong Kong",상녹제약(주),녹각,DEER HARD ANTLERS,,GUANGTIANDI HONG,,,,상녹제약(주),
2016-07-05,2016,7,5,Taeahn (Mr. Ahn),Deer velvet (dried),,New Zealand,태안약업(주),건녹용,DRIED DEER VELVET,,ROKLAND CORPORATION LTD,,,,태안약업(주),
2016-07-04,2016,7,4,Baikal Herb,Hard antlers,,Russia,바이칼허브,녹각,DEER HARD HORNS,,LLC ASIA GROUP,,,,바이칼허브,
2016-06-29,2016,6,29,Handong Herb,Deer velvet (frozen),,New Zealand,한동허브,생녹용,FROZEN RED DEER VELVET,,PGG WRIGHTSON LTD-VELVET,,,,한동허브,
2016-06-28,2016,6,28,MyungGa (Mr.Lee in Daegu),Deer velvet,,New Zealand,명가녹용 주식회사,녹용,DEER HORN,,HYUN DAE DEER PRODUCTS LTD,,,,명가녹용 주식회사,
2016-06-24,2016,6,24,JooShin Pharm,Hard antlers,,"China ,Hong Kong",주신제약(주),녹각,DEER HARD HORN (CERVUS ELAPHUS SIBIRICUS),,GUANGTIANDI HONG,,,,주신제약(주),
2016-06-21,2016,6,21,Su Food (Mr. Choi),Deer velvet (frozen),,New Zealand,(주)수식품,생녹용,FROZEN RED DEER VELVET ANTLER,,PROVELCO CO OPERATIVE LTD,,,,(주)수식품,
2016-06-20,2016,6,20,KGC,Deer velvet (dried),,New Zealand,(주)한국인삼공사,건녹용,DRIED RED DEER VELVET ANTLER,,PGG WRIGHTSON LTD-VELVET,,,,(주)한국인삼공사,
2016-06-20,2016,6,20,Su Food (Mr. Choi),Deer velvet (dried),,New Zealand,(주)수식품,건녹용,DRIED RED DEER VELVET ANTLER,,PROVELCO CO OPERATIVE LTD,,,,(주)수식품,
2016-06-15,2016,6,15,Su Food (Mr. Choi),Deer velvet (frozen),,New Zealand,(주)수식품,생녹용,FROZEN RED DEER VELVET ANTLER,,PROVELCO CO OPERATIVE LTD,,,,(주)수식품,
2016-05-27,2016,5,27,KGC,Deer velvet,,New Zealand,(주)한국인삼공사,녹용,DEER VELVET,,PROVELCO CO OPERATIVE LTD,,,,(주)한국인삼공사,
2016-05-26,2016,5,26,KGC,Deer velvet (dried),,New Zealand,(주)한국인삼공사,건녹용,DEER VELVET,,PGG WRIGHTSON LTD-VELVET,,,,(주)한국인삼공사,
2016-05-20,2016,5,20,"KVIE (Alex, HanPure)",Deer velvet,,China,(주)대한녹용수출입법인,녹용,DEER HORN,,"XIFENG MINHE DEER PRODUCTS CO.,LTD",,,,(주)대한녹용수출입법인,
2016-05-16,2016,5,16,JooShin Pharm,Hard antlers,,"China ,Hong Kong",주신제약(주),녹각,DEER HARD HORN (CERVUS ELAPHUS SIBIRICUS),,GUANGTIANDI HONG,,,,주신제약(주),
2016-05-04,2016,5,4,Su Food (Mr. Choi),Deer velvet (frozen),,New Zealand,(주)수식품,생녹용,FROZEN RED DEER VELVET ANTLER,,PROVELCO CO OPERATIVE LTD,,,,(주)수식품,
2016-04-25,2016,4,25,KGC,Deer velvet (dried),,New Zealand,(주)한국인삼공사,건녹용,DEER VELVET,,PROVELCO CO OPERATIVE LTD,,,,(주)한국인삼공사,
2016-04-15,2016,4,15,Looce Masco,Deer velvet (dried),,Russia,(주)루스마르코,건녹용,DEER HORNS,,OOO MORAUM-2,,,,(주)루스마르코,
2016-04-15,2016,4,15,KGC,Deer velvet (dried),,New Zealand,(주)한국인삼공사,건녹용,DEER VELVET,,ROKLAND CORPORATION LTD,,,,(주)한국인삼공사,
2016-04-14,2016,4,14,SeoHwa Pharm.,Deer velvet (dried),,Russia,(주)서화제약,건녹용,DRY DEER HORN,,GOLDEN FIELD(FAR EAST)LIMITED,,,,(주)서화제약,
2016-03-30,2016,3,30,Su Food (Mr. Choi),Deer velvet (frozen),,New Zealand,(주)수식품,생녹용,FROZEN RED DEER VELVET,,PROVELCO CO OPERATIVE LTD,,,,(주)수식품,
2016-03-24,2016,3,24,KGC,Deer velvet (dried),,New Zealand,(주)한국인삼공사,건녹용,녹용(DEER VELVET),,PROVELCO CO OPERATIVE LTD,,,,(주)한국인삼공사,
2016-03-04,2016,3,4,Taeahn (Mr. Ahn),Deer velvet (dried),,New Zealand,태안약업(주),건녹용,DRIED DEER VELVET,,ROKLAND CORPORATION LTD,,,,태안약업(주),
2016-02-25,2016,2,25,Su Food (Mr. Choi),Deer velvet (dried),,New Zealand,(주)수식품,건녹용,DEER HORNS,,PROVELCO CO OPERATIVE LTD,,,,(주)수식품,
2016-02-25,2016,2,25,KGC,Deer velvet (dried),,New Zealand,주식회사 한국인삼공사,건녹용,녹용(DEER VELVET),,ROKLAND CORPORATION LTD,,,,주식회사 한국인삼공사,
2016-02-23,2016,2,23,JoEun Pharm,Deer velvet,,Russia,조은생약,녹용,DEER HORN,,OOO EXPOPANT,,,,조은생약,
2026-05-29,2026,5,29,KNC Deertrade,Deer velvet (frozen),New Zealand,New Zealand,(주)케이앤씨디어트레이드,생녹용,FROZEN RED DEER VELVET ANTLER,생녹용(냉동),UB BIO LIMITED,2026-04-10 ~,뉴질랜드,뉴질랜드,(주)케이앤씨디어트레이드,
2026-05-27,2026,5,27,KNC Deertrade,Deer velvet (dried),New Zealand,China,(주)케이앤씨디어트레이드,녹용(건조),DRIED RED DEER VELVET ANTLER,녹용(건조),"DALIAN CHANG LU DEER INDUSTRY CO., LTD",,뉴질랜드,중국,(주)케이앤씨디어트레이드,
2026-05-19,2026,5,19,YW International,Deer velvet (frozen),New Zealand,New Zealand,와이더블유 인터내셔날,냉동녹용,FROZEN WHOLE DEER VELVET ANTLER,생녹용(냉동),ROKLAND CORPORATION LIMITED,,뉴질랜드,뉴질랜드,와이더블유 인터내셔날,
2026-05-13,2026,5,13,Eryong Pharm.,Deer velvet (dried),China,China,주식회사 이룡제약,녹용,DEER HORN,녹용(건조),"TIELING AOLU TRADE CO.,LTD",,중국,중국,주식회사 이룡제약,
2026-05-08,2026,5,8,OnBio,Deer velvet (dried),New Zealand,China,온바이오,녹용(건조),DRIED RED DEER VELVET ANTLER,녹용(건조),"DALIAN F.T.Z. JUNFENG INTERNATIONAL INDUSTRIAL & TRADE CO.,LTD.",,뉴질랜드,중국,온바이오,
2026-04-10,2026,4,10,WooSung,Deer velvet (dried),New Zealand,China,(주)우성생약,녹용(건조),DRIED RED DEER VELVET ANTLER,녹용(건조),"XIFENG MINHE DEER PRODUCTS CO.,LTD",,뉴질랜드,중국,(주)우성생약,
2026-06-17,2026,6,17,Eryong Pharm.,Deer velvet (frozen),New Zealand,New Zealand,주식회사 이룡제약,생녹용(냉동),FROZEN DEER VELVET,생녹용(냉동),ORIENTAL DEER HOLDINGS LIMITED,,뉴질랜드,뉴질랜드,주식회사 이룡제약,
2026-06-04,2026,6,4,Bibong Herb,Deer velvet (dried),New Zealand,New Zealand,주식회사 비봉허브,녹용,DEER HORN,녹용(건조),VEXCO LIMITED,,뉴질랜드,뉴질랜드,주식회사 비봉허브,
2026-06-04,2026,6,4,KNC Deertrade,Deer velvet (dried),New Zealand,China,(주)케이앤씨디어트레이드,녹용(건조),DRIED RED DEER VELVET ANTLER,녹용(건조),"DALIAN CHANG LU DEER INDUSTRY CO., LTD",,뉴질랜드,중국,(주)케이앤씨디어트레이드,
2026-01-12,2026,1,12,Mothers Choice,,New Zealand,New Zealand,마더스초이스,마누카 허니 & 녹용분말(UMF 16+),MANUKA HONEY & DEER VELVET POWDER,당류가공품,NATURAL HONEY LIMITED,2025-11-21 ~ 2028-11-20,뉴질랜드,뉴질랜드,마더스초이스,
2025-10-29,2025,10,29,LG H&H,,,,(주)엘지생활건강,녹용원 발효 진액,NOKYOUNGWON BALHYO JIN AEK,혼합음료,DA JUNG CO LTD,~ 2026-06-29,대한민국,베트남,(주)엘지생활건강,
2025-08-25,2025,8,25,Mothers Choice,,New Zealand,New Zealand,마더스초이스,마누카 허니 & 녹용분말(UMF 25+),MANUKA HONEY & DEER VELVET POWDER,당류가공품,NATURAL HONEY LIMITED,2025-07-07 ~ 2028-07-06,뉴질랜드,뉴질랜드,마더스초이스,
2025-08-21,2025,8,21,Aloha Garden,,New Zealand,New Zealand,아로하가든,아로하 마누카허니 녹용(UMF 15+),AROHA GARDEN MANUKA UMF15+ WITH  DEER VELVET,당류가공품,NATURAL HONEY LIMITED,~ 2028-06-15,뉴질랜드,뉴질랜드,아로하가든,
2025-08-19,2025,8,19,U&Jet International,,New Zealand,New Zealand,(주)유앤젯인터내셔날,프리미엄 마누카꿀&녹용,PREMIUM MANUKA HONEY&DEER VELVET,당류가공품,COSANA NEW ZEALAND LIMITED,2025-07-21 ~ 2028-07-21,뉴질랜드,뉴질랜드,(주)유앤젯인터내셔날,
2025-08-19,2025,8,19,Mothers Choice,,New Zealand,New Zealand,마더스초이스,마누카 허니 & 녹용분말(UMF 16+),MANUKA HONEY & DEER VELVET POWDER,당류가공품,NATURAL HONEY LIMITED,2025-07-01 ~ 2028-06-30,뉴질랜드,뉴질랜드,마더스초이스,
