date,importer,product_en,product_name,product_type_en,country_origin_en,importer_ko,importer_en,notes
2026-04-17,(주)온누리바이오생약,DEER HORN,녹용,Deer velvet (dried),New Zealand,(주)온누리바이오생약,Onnuri Bio,
2026-04-07,(주)우성생약,DRIED RED DEER VELVET ANTLER,녹용(건조),Deer velvet (dried),New Zealand,(주)우성생약,WooSung,
2026-04-07,주식회사 가온제약,FROZEN RED DEER VELVET ANTLER,냉동녹용,Deer velvet (frozen),New Zealand,주식회사 가온제약,GaOn Pharm,
2026-04-03,(주)케이앤씨디어트레이드,WHOLE FROZEN DEER VELVET,생녹용,Deer velvet (frozen),New Zealand,(주)케이앤씨디어트레이드,KNC Deertrade,
2026-04-03,화용제약,FROZEN DEER HORN,생녹용(냉동),Deer velvet (frozen),New Zealand,화용제약,HwaYong Pharm.,
2026-03-25,온바이오,FROZEN DEER VELVET,생녹용(냉동),Deer velvet (frozen),New Zealand,온바이오,OnBio,
2026-03-17,(주)케이앤씨디어트레이드,FROZEN RED DEER VELVET ANTLER,생녹용,Deer velvet (frozen),New Zealand,(주)케이앤씨디어트레이드,KNC Deertrade,
2026-03-16,(주)바이오닷,FROZEN RED DEER VELVET ANTLER,생녹용,Deer velvet (frozen),New Zealand,(주)바이오닷,Bio Dot,
2026-03-12,와이더블유 인터내셔날,FROZEN WHOLE DEER VELVET ANTLER,냉동녹용,Deer velvet (frozen),New Zealand,와이더블유 인터내셔날,YW International,
2026-03-12,(주)한국인삼공사,FROZEN RED DEER VELVET ANTLER,생녹용(냉동),Deer velvet (frozen),New Zealand,(주)한국인삼공사,KGC,
2026-03-11,유진통상,DRIED RED DEER VELVET ANTLER,녹용(건조),Deer velvet (dried),New Zealand,유진통상,Yujin Trade,
2026-02-20,주식회사 이룡제약,FROZEN DEER VELVET,생녹용(냉동),Deer velvet (frozen),New Zealand,주식회사 이룡제약,Eryong Pharm.,
2026-02-05,화용제약,FROZEN DEER HORN,생녹용(냉동),Deer velvet (frozen),New Zealand,화용제약,HwaYong Pharm.,
2026-01-27,(주)케이앤씨디어트레이드,DRIED RED DEER VELVET ANTLER,녹용(건조),Deer velvet (dried),New Zealand,(주)케이앤씨디어트레이드,KNC Deertrade,
2026-01-15,와이더블유 인터내셔날,FROZEN WHOLE DEER VELVET ANTLER,냉동녹용,Deer velvet (frozen),New Zealand,와이더블유 인터내셔날,YW International,
2026-01-09,건향제약주식회사,DEER HORNS VELVET ANTLER,녹용(건조),Deer velvet (dried),Russia,건향제약주식회사,Geonhyang Pharm.,
2026-01-09,(주)바이오닷,FROZEN RED DEER VELVET ANTLER,생녹용,Deer velvet (frozen),New Zealand,(주)바이오닷,Bio Dot,
2025-12-15,화용제약,DEER HORN,녹용,Deer velvet (dried),New Zealand,화용제약,HwaYong Pharm.,
2025-12-15,(주)용보제약,DRIED RED DEER VELVET ANTLER,녹용(건조),Deer velvet (dried),New Zealand,(주)용보제약,YongBo,
2025-12-10,화용제약,FROZEN DEER HORN,생녹용(냉동),Deer velvet (frozen),New Zealand,화용제약,HwaYong Pharm.,
2025-12-10,(주)케이앤씨디어트레이드,FROZEN RED DEER VELVET ANTLER,생녹용(냉동),Deer velvet (frozen),New Zealand,(주)케이앤씨디어트레이드,KNC Deertrade,
2025-12-08,유진통상,DEER HORNS VELVET ANTLER,녹용(건조),Deer velvet (dried),New Zealand,유진통상,Yujin Trade,
2025-12-04,조은생약,DEER HORN,녹용,Deer velvet (dried),Russia,조은생약,JoEun Pharm,
2025-11-28,(주)우성생약,DRIED RED DEER VELVET ANTLER,녹용(건조),Deer velvet (dried),New Zealand,(주)우성생약,WooSung,
2025-11-20,온바이오,DRIED RED DEER VELVET ANTLER,녹용(건조),Deer velvet (dried),New Zealand,온바이오,OnBio,
2025-11-14,주식회사 이룡제약,FROZEN DEER HORN,생녹용(냉동),Deer velvet (frozen),New Zealand,주식회사 이룡제약,Eryong Pharm.,
2025-11-11,(주)대원알디티,DEER HORNS VELVET ANTLER,녹용(건조),Deer velvet (dried),Russia,(주)대원알디티,DaeWon RTD,
2025-11-11,흥수녹용,MARAL DEER HORNS,녹용(건조),Deer velvet (dried),Russia,흥수녹용,Heungsoo Nogyong,
2025-10-23,주식회사 이룡제약,DEER HORN,녹용,Deer velvet (dried),New Zealand,주식회사 이룡제약,Eryong Pharm.,
2025-10-23,(주)케이앤씨디어트레이드,FROZEN RED DEER VELVET ANTLER,생녹용,Deer velvet (frozen),New Zealand,(주)케이앤씨디어트레이드,KNC Deertrade,
2025-09-23,(주)한국인삼공사,DRIED RED DEER VELVET ANTLER,녹용(건조),Deer velvet (dried),New Zealand,(주)한국인삼공사,KGC,
2025-09-23,온바이오,DRIED RED DEER VELVET ANTLER,녹용(건조),Deer velvet (dried),New Zealand,온바이오,OnBio,
2025-09-09,(주)한국인삼공사,DRIED RED DEER VELVET ANTLER,녹용(건조),Deer velvet (dried),New Zealand,(주)한국인삼공사,KGC,
2025-09-02,향나바이오 주식회사,DEER HORN,녹용,Deer velvet (dried),New Zealand,향나바이오 주식회사,Hyangna Bio,
2025-08-29,유진통상,DEER HORNS VELVET ANTLER,녹용(건조),Deer velvet (dried),New Zealand,유진통상,Yujin Trade,
2025-08-27,시베리안앤틀러팜스 주식회사,DEER HORN,녹용(건조),Deer velvet (dried),Russia,시베리안앤틀러팜스 주식회사,Siberian Antlers Pharms Inc.,
2025-07-01,(주)온누리바이오생약,DEER HORN,녹용,Deer velvet (dried),New Zealand,(주)온누리바이오생약,Onnuri Bio,
2025-06-26,화용제약,FROZEN DEER HORN,생녹용(냉동),Deer velvet (frozen),New Zealand,화용제약,HwaYong Pharm.,
2025-06-04,(주)케이앤씨디어트레이드,FROZEN RED DEER VELVET ANTLER,생녹용(냉동),Deer velvet (frozen),New Zealand,(주)케이앤씨디어트레이드,KNC Deertrade,
2025-06-04,와이더블유 인터내셔날,FROZEN RED DEER VELVET ANTLER(WHOLE),냉동녹용,Deer velvet (frozen),New Zealand,와이더블유 인터내셔날,YW International,
2025-05-27,(주)온누리바이오생약,DEER HORN,녹용,Deer velvet (dried),Russia,(주)온누리바이오생약,Onnuri Bio,
2025-05-22,(주)온누리바이오생약,FROZEN DEER HORN,생녹용(냉동),Deer velvet (frozen),New Zealand,(주)온누리바이오생약,Onnuri Bio,
2025-05-01,(주)케이앤씨디어트레이드,FROZEN RED DEER VELVET ANTLER,생녹용(냉동),Deer velvet (frozen),New Zealand,(주)케이앤씨디어트레이드,KNC Deertrade,
2025-05-01,화용제약,FROZEN DEER HORN,생녹용(냉동),Deer velvet (frozen),New Zealand,화용제약,HwaYong Pharm.,
2025-04-25,(주)케이앤씨디어트레이드,FROZEN RED DEER VELVET ANTLER,생녹용,Deer velvet (frozen),New Zealand,(주)케이앤씨디어트레이드,KNC Deertrade,
2025-04-18,(주)천호엔케어,DEER HORN,녹용,Deer velvet (dried),New Zealand,(주)천호엔케어,Chunho N Care,
2025-04-11,유진통상,DEER HORNS VELVET ANTLER,녹용(건조),Deer velvet (dried),New Zealand,유진통상,Yujin Trade,
2025-04-02,(주)바이오닷,FROZEN RED DEER VELVET ANTLER,생녹용,Deer velvet (frozen),New Zealand,(주)바이오닷,Bio Dot,
2025-03-28,주식회사 비봉허브,DEER HORN,녹용,Deer velvet (dried),New Zealand,주식회사 비봉허브,Bibong Herb,
2025-03-26,주식회사 이룡제약,FROZEN RED DEER VELVET ANTLER,생녹용,Deer velvet (frozen),New Zealand,주식회사 이룡제약,Eryong Pharm.,
2025-03-17,(주)케이앤씨디어트레이드,FROZEN RED DEER VELVET ANTLER,생녹용(냉동),Deer velvet (frozen),New Zealand,(주)케이앤씨디어트레이드,KNC Deertrade,
2025-03-13,와이더블유 인터내셔날,FROZEN RED DEER VELVET ANTLER(WHOLE),냉동녹용,Deer velvet (frozen),New Zealand,와이더블유 인터내셔날,YW International,
2025-03-12,주식회사 가온제약,FROZEN RED DEER VELVET ANTLER,생녹용,Deer velvet (frozen),New Zealand,주식회사 가온제약,GaOn Pharm,
2025-03-10,대호제약주식회사,DRIED RED DEER VELVET ANTLER,녹용(건조),Deer velvet (dried),New Zealand,대호제약주식회사,Daeho Pharm.,
2025-03-07,(주)케이앤씨디어트레이드,FROZEN RED DEER VELVET ANTLER,생녹용(냉동),Deer velvet (frozen),New Zealand,(주)케이앤씨디어트레이드,KNC Deertrade,
2025-03-05,록원,FROZEN RED DEER VELVET ANTLER(WHOLE),냉동녹용,Deer velvet (frozen),New Zealand,록원,Rokone,
2025-03-04,화용제약,FROZEN DEER HORN,생녹용(냉동),Deer velvet (frozen),New Zealand,화용제약,HwaYong Pharm.,
2025-02-28,(주)케이앤씨디어트레이드,FROZEN RED DEER VELVET ANTLER,생녹용(냉동),Deer velvet (frozen),New Zealand,(주)케이앤씨디어트레이드,KNC Deertrade,
2025-02-26,태안약업(주),DRIED RED DEER VELVET ANTLER(WHOLE),녹용,Deer velvet (dried),New Zealand,태안약업(주),Taeahn,
2025-02-25,유진통상,DEER HORNS VELVET ANTLER,녹용(건조),Deer velvet (dried),Russia,유진통상,Yujin Trade,
2025-02-18,(주)온누리바이오생약,DEER HORN,녹용,Deer velvet (dried),Russia,(주)온누리바이오생약,Onnuri Bio,
2025-02-18,향나바이오 주식회사,DEER HORN,녹용,Deer velvet (dried),Russia,향나바이오 주식회사,Hyangna Bio,
2025-02-18,(주)대원알디티,DEER HORNS VELVET ANTLER,녹용(건조),Deer velvet (dried),Russia,(주)대원알디티,DaeWon RTD,
2025-02-14,와이더블유 인터내셔날,FROZEN RED DEER VELVET ANTLER(WHOLE),냉동녹용,Deer velvet (frozen),New Zealand,와이더블유 인터내셔날,YW International,
2025-01-24,주식회사 유한건강생활,FROZEN WHOLE STICK VELVET,녹용,Deer velvet (frozen),New Zealand,주식회사 유한건강생활,Yuhan Care,
2025-01-15,록원,FROZEN RED DEER VELVET ANTLER(WHOLE),냉동녹용,Deer velvet (frozen),New Zealand,록원,Rokone,
2025-01-09,(주)진수녹용,FROZEN RED DEER VELVET ANTLER,생녹용,Deer velvet (frozen),New Zealand,(주)진수녹용,"Jinsoo Deer Co., Ltd.",
2024-12-27,(주)케이앤씨디어트레이드,FROZEN RED DEER VELVET ANTLER,생녹용(냉동),Deer velvet (frozen),New Zealand,(주)케이앤씨디어트레이드,KNC Deertrade,
2024-12-19,(주)케이앤씨디어트레이드,FROZEN RED DEER VELVET ANTLER,생녹용(냉동),Deer velvet (frozen),New Zealand,(주)케이앤씨디어트레이드,KNC Deertrade,
2024-12-12,화용제약,FROZEN DEER HORN,생녹용(냉동),Deer velvet (frozen),New Zealand,화용제약,HwaYong Pharm.,
2024-12-09,(주)우성생약,DRIED RED DEER VELVET ANTLER,녹용(건조),Deer velvet (dried),New Zealand,(주)우성생약,WooSung,
2024-12-09,한스약품주식회사,DRIED REDDEER VELVET ANTLER,건조녹용,Deer velvet (dried),New Zealand,한스약품주식회사,Hans Pharm Inc,
2024-12-04,(주)케이앤씨디어트레이드,FROZEN RED DEER VELVET ANTLER,생녹용(냉동),Deer velvet (frozen),New Zealand,(주)케이앤씨디어트레이드,KNC Deertrade,
2024-11-21,(주)온누리바이오생약,FROZEN DEER HORN,생녹용(냉동),Deer velvet (frozen),New Zealand,(주)온누리바이오생약,Onnuri Bio,
2024-11-20,대호제약주식회사,DRIED RED DEER VELVET ANTLER,녹용(건조),Deer velvet (dried),New Zealand,대호제약주식회사,Daeho Pharm.,
2024-11-04,(주)대원알디티,DEER HORNS VELVET ANTLER,녹용(건조),Deer velvet (dried),Russia,(주)대원알디티,DaeWon RTD,
2024-11-04,흥수녹용,DEER HORNS VELVET ANTLER,녹용(건조),Deer velvet (dried),Russia,흥수녹용,Heungsoo Nogyong,
2024-11-01,주식회사 유한건강생활,DRIED DEER VELVET POWDER,녹용분말,Animal based processed food,New Zealand,주식회사 유한건강생활,Yuhan Care,
2024-10-04,한스약품주식회사,DRIED REDDEER VELVET ANTLER(WHOLE),건조녹용,Deer velvet (dried),China,한스약품주식회사,Hans Pharm Inc,
2024-08-06,화용제약,FROZEN DEER HORN,생녹용(냉동),Deer velvet (frozen),New Zealand,화용제약,HwaYong Pharm.,
2024-08-06,와이더블유 인터내셔날,FROZEN WHOLE DEER VELVET ANTLER,냉동녹용,Deer velvet (frozen),New Zealand,와이더블유 인터내셔날,YW International,
2024-08-06,와이더블유 인터내셔날,FROZEN RED DEER VELVET ANTLER(WHOLE),냉동녹용,Deer velvet (frozen),New Zealand,와이더블유 인터내셔날,YW International,
2024-08-06,화용제약,FROZEN DEER HORN,생녹용(냉동),Deer velvet (frozen),New Zealand,화용제약,HwaYong Pharm.,
2024-07-26,유진통상,DRIED RED DEER VELVET ANTLEK,건조녹용,Deer velvet (dried),New Zealand,유진통상,Yujin Trade,
2024-07-17,주식회사 유한건강생활,DRIED DEER VELVET POWDER,녹용분말,Animal based processed food,New Zealand,주식회사 유한건강생활,Yuhan Care,
2024-07-08,(주)디에이치지글로벌,DEER HORN,녹용,Deer velvet (dried),Russia,(주)디에이치지글로벌,DHG Global,
2024-06-26,유진통상,DEER HORNS,건조녹용,Deer velvet (dried),Russia,유진통상,Yujin Trade,
2024-06-13,(주)용보제약,DRIED RED DEER VELVET ANTLER,녹용(건조),Deer velvet (dried),New Zealand,(주)용보제약,YongBo,
2024-06-10,(주)케이앤씨디어트레이드,FROZEN RED DEER VELVET ANTLER,생녹용,Deer velvet (frozen),New Zealand,(주)케이앤씨디어트레이드,KNC Deertrade,
2024-06-07,(주)우성생약,DRIED RED DEER VELVET ANTLER,녹용(건조),Deer velvet (dried),New Zealand,(주)우성생약,WooSung,
2024-05-29,(주)대덕제약,DEER HORNS (CERVUS ELAPHUS SIBIRICUS),녹용,Deer velvet (dried),Russia,(주)대덕제약,Daedeok Pharm.,
2024-05-29,명가녹용 주식회사,DEER HORNS (CERVUS ELAPHUS SIBIRICUS),녹용,Deer velvet (dried),Russia,명가녹용 주식회사,MyungGa,
2024-05-24,(주)온누리바이오생약,DEER HORN,녹용,Deer velvet (dried),New Zealand,(주)온누리바이오생약,Onnuri Bio,
2024-05-24,주식회사 비봉허브,DEER HORN,녹용,Deer velvet (dried),New Zealand,주식회사 비봉허브,Bibong Herb,
2024-05-10,와이더블유 인터내셔날,FROZEN RED DEER VELVET ANTLER(WHOLE),냉동녹용,Deer velvet (frozen),New Zealand,와이더블유 인터내셔날,YW International,
2024-05-03,록원,FROZEN RED DEER VELVET ANTLER(WHOLE),냉동녹용,Deer velvet (frozen),New Zealand,록원,Rokone,
2024-05-03,(주)대원알디티,DEER HORNS VELVET ANTLER,녹용(건조),Deer velvet (dried),Russia,(주)대원알디티,DaeWon RTD,
2024-05-03,흥수녹용,MARAL DEER HORNS,녹용(건조),Deer velvet (dried),Russia,흥수녹용,Heungsoo Nogyong,
2024-05-01,(주)온누리바이오생약,DEER HORN,녹용,Deer velvet (dried),Russia,(주)온누리바이오생약,Onnuri Bio,
2024-05-01,천지담은 바이오,DEER HORN,녹용,Deer velvet (dried),Russia,천지담은 바이오,CheonJi Bio,
2024-04-22,명가녹용 주식회사,DRIED RED DEER VELVET ANTLER,녹용(건조),Deer velvet (dried),New Zealand,명가녹용 주식회사,MyungGa,
2024-04-05,향나바이오 주식회사,DEER HORN,녹용,Deer velvet (dried),Russia,향나바이오 주식회사,Hyangna Bio,
2024-03-27,명가녹용 주식회사,DRIED RED DEER VELVET ANTLER(WHOLE),녹용,Deer velvet (dried),New Zealand,명가녹용 주식회사,MyungGa,
2024-03-26,유진통상,DRIED REDDEER VELVER ANTLER,건조녹용,Deer velvet (dried),New Zealand,유진통상,Yujin Trade,
2024-03-26,(주)케이앤씨디어트레이드,FROZEN RED DEER VELVET ANTLER,생녹용(냉동),Deer velvet (frozen),New Zealand,(주)케이앤씨디어트레이드,KNC Deertrade,
2024-03-12,와이더블유 인터내셔날,FROZEN RED DEER VELVET ANTLER(WHOLE),냉동녹용,Deer velvet (frozen),New Zealand,와이더블유 인터내셔날,YW International,
2024-02-27,유진통상,DEER HORN,건조녹용,Deer velvet (dried),Russia,유진통상,Yujin Trade,
2024-02-22,온바이오,FROZEN RED DEER VELVET ANTLER,생녹용,Deer velvet (frozen),New Zealand,온바이오,OnBio,
2024-02-21,와이더블유 인터내셔날,FROZEN RED DEER VELVET ANTLER(WHOLE),냉동녹용,Deer velvet (frozen),New Zealand,와이더블유 인터내셔날,YW International,
2024-02-15,(주)천호엔케어,DEER HORN,녹용,Deer velvet (dried),New Zealand,(주)천호엔케어,Chunho N Care,
2024-02-15,(주)우성생약,DRIED RED DEER VELVET ANTLER,녹용(건조),Deer velvet (dried),New Zealand,(주)우성생약,WooSung,
2024-02-14,(주)온누리바이오생약,FROZEN DEER HORN,생녹용(냉동),Deer velvet (frozen),New Zealand,(주)온누리바이오생약,Onnuri Bio,
2024-02-14,화용제약,FROZEN DEER HORN,생녹용(냉동),Deer velvet (frozen),New Zealand,화용제약,HwaYong Pharm.,
2024-02-07,와이더블유 인터내셔날,FROZEN RED DEER VELVET ANTLER(WHOLE),냉동녹용,Deer velvet (frozen),New Zealand,와이더블유 인터내셔날,YW International,
2024-02-07,(주)한국인삼공사,DRIED RED DEER VELVET ANTLER,녹용(건조),Deer velvet (dried),New Zealand,(주)한국인삼공사,KGC,
2024-02-07,(주)한국인삼공사,DRIED RED DEER VELVET ANTLER,녹용(건조),Deer velvet (dried),New Zealand,(주)한국인삼공사,KGC,
2024-02-07,(주)케이앤씨디어트레이드,FROZEN RED DEER VELVET ANTLER,생녹용(냉동),Deer velvet (frozen),New Zealand,(주)케이앤씨디어트레이드,KNC Deertrade,
2024-01-31,와이더블유 인터내셔날,FROZEN RED DEER VELVET ANTLER(WHOLE),냉동녹용,Deer velvet (frozen),New Zealand,와이더블유 인터내셔날,YW International,
2024-01-31,주식회사 유한건강생활,FROZEN WHOLE STICK VELVET,녹용,Deer velvet (frozen),New Zealand,주식회사 유한건강생활,Yuhan Care,
2024-01-23,(주)케이앤씨디어트레이드,FROZEN RED DEER VELVET ANTLER,생녹용(냉동),Deer velvet (frozen),New Zealand,(주)케이앤씨디어트레이드,KNC Deertrade,
2024-01-19,건향제약주식회사,DEER HORN,건조녹용,Deer velvet (dried),Russia,건향제약주식회사,Geonhyang Pharm.,
2024-01-19,한스약품주식회사,DRIED REDDEER VELVET ANTLER(WHOLE),건조녹용,Deer velvet (dried),China,한스약품주식회사,Hans Pharm Inc,
2023-12-28,화용제약,FROZEN DEER HORN,생녹용(냉동),Deer velvet (frozen),New Zealand,화용제약,HwaYong Pharm.,
2023-12-19,(주)케이앤씨디어트레이드,FROZEN RED DEER VELVET ANTLER,생녹용(냉동),Deer velvet (frozen),New Zealand,(주)케이앤씨디어트레이드,KNC Deertrade,
2023-12-12,건향제약주식회사,DEER HORN,건조녹용,Deer velvet (dried),Russia,건향제약주식회사,Geonhyang Pharm.,
2023-12-11,(주)한국인삼공사,DRIED RED DEER VELVET ANTLER,녹용(건조),Deer velvet (dried),New Zealand,(주)한국인삼공사,KGC,
2023-12-06,향나바이오 주식회사,DEER HORN,녹용,Deer velvet (dried),New Zealand,향나바이오 주식회사,Hyangna Bio,
2023-11-29,(주)케이앤씨디어트레이드,DRIED RED DEER VELVET ANTLER,건조녹용,Deer velvet (dried),New Zealand,(주)케이앤씨디어트레이드,KNC Deertrade,
2023-11-28,화용제약,DEER HORN,녹용,Deer velvet (dried),New Zealand,화용제약,HwaYong Pharm.,
2023-11-23,(주)온누리바이오생약,DEER HORN,녹용,Deer velvet (dried),New Zealand,(주)온누리바이오생약,Onnuri Bio,
2023-11-20,와이더블유 인터내셔날,FROZEN RED DEER VELVET ANTLER(WHOLE),냉동녹용,Deer velvet (frozen),New Zealand,와이더블유 인터내셔날,YW International,
2023-11-20,온바이오,DRIED RED DEER VELVET ANTLER,건조녹용,Deer velvet (dried),New Zealand,온바이오,OnBio,
2023-11-09,(주)한국인삼공사,DRIED RED DEER VELVET ANTLER,건조녹용,Deer velvet (dried),New Zealand,(주)한국인삼공사,KGC,
2023-10-30,한스약품주식회사,DRIED REDDEER VELVET ANTLER(WHOLE),건조녹용,Deer velvet (dried),China,한스약품주식회사,Hans Pharm Inc,
2023-10-30,밀리언 무역,DEER HORN,건조녹용,Deer velvet (dried),Russia,밀리언 무역,Million Trade,
2023-10-12,(주)한국인삼공사,DRIED RED DEER VELVET ANTLER,녹용(건조),Deer velvet (dried),New Zealand,(주)한국인삼공사,KGC,
2023-10-12,(주)한국인삼공사,DRIED RED DEER VELVET ANTLER,건조녹용,Deer velvet (dried),New Zealand,(주)한국인삼공사,KGC,
2023-10-05,주식회사 이룡제약,DEER HORN,녹용,Deer velvet (dried),New Zealand,주식회사 이룡제약,Eryong Pharm.,
2023-10-05,(주)케이앤씨디어트레이드,FROZEN RED DEER VELVET ANTLER,생녹용,Deer velvet (frozen),New Zealand,(주)케이앤씨디어트레이드,KNC Deertrade,
2023-09-05,(주)한국인삼공사,DRIED RED DEER VELVET ANTLER,녹용(건조),Deer velvet (dried),New Zealand,(주)한국인삼공사,KGC,
2023-09-05,(주)한국인삼공사,DRIED RED DEER VELVET ANTLER,건조녹용,Deer velvet (dried),New Zealand,(주)한국인삼공사,KGC,
2023-08-29,와이더블유 인터내셔날,FROZEN RED DEER VELVET ANTLER(WHOLE),냉동녹용,Deer velvet (frozen),New Zealand,와이더블유 인터내셔날,YW International,
2023-08-14,주식회사 비봉허브,DEER HORN,녹용,Deer velvet (dried),New Zealand,주식회사 비봉허브,Bibong Herb,
2023-08-14,대호제약주식회사,DRIED RED DEER VELVET ANTLER,건조녹용,Deer velvet (dried),New Zealand,대호제약주식회사,Daeho Pharm.,
2023-08-14,(주)한국인삼공사,DRIED RED DEER VELVET ANTLER,건조녹용,Deer velvet (dried),New Zealand,(주)한국인삼공사,KGC,
2023-08-02,주식회사 비봉허브,DEER HORN,녹용,Deer velvet (dried),New Zealand,주식회사 비봉허브,Bibong Herb,
2023-07-25,와이더블유 인터내셔날,FROZEN RED DEER VELVET ANTLER(WHOLE),냉동녹용,Deer velvet (frozen),New Zealand,와이더블유 인터내셔날,YW International,
2023-07-25,화용제약,DEER HORN,녹용,Deer velvet (dried),New Zealand,화용제약,HwaYong Pharm.,
2023-07-25,천지담은 바이오,DEER HORN,녹용,Deer velvet (dried),New Zealand,천지담은 바이오,CheonJi Bio,
2023-07-25,향나바이오 주식회사,DEER HORN,녹용,Deer velvet (dried),New Zealand,향나바이오 주식회사,Hyangna Bio,
2023-07-25,(주)케이앤씨디어트레이드,DRIED RED DEER VELVET ANTLER,건조녹용,Deer velvet (dried),New Zealand,(주)케이앤씨디어트레이드,KNC Deertrade,
2023-07-25,(주)한국인삼공사,DRIED RED DEER VELVET ANTLER,건조녹용,Deer velvet (dried),New Zealand,(주)한국인삼공사,KGC,
2023-07-25,와이더블유 인터내셔날,FROZEN RED DEER VELVET (WHOLE),냉동녹용,Deer velvet (frozen),New Zealand,와이더블유 인터내셔날,YW International,
2023-07-14,(주)케이앤씨디어트레이드,DRIED RED DEER VELVET ANTLER,건조녹용,Deer velvet (dried),New Zealand,(주)케이앤씨디어트레이드,KNC Deertrade,
2023-07-12,주식회사 이룡제약,DEER HORN,녹용,Deer velvet (dried),New Zealand,주식회사 이룡제약,Eryong Pharm.,
2023-07-11,화용제약,FROZEN DEER HORN,생녹용(냉동),Deer velvet (frozen),New Zealand,화용제약,HwaYong Pharm.,
2023-07-03,(주)한국인삼공사,DRIED RED DEER VELVET ANTLER,녹용(건조),Deer velvet (dried),New Zealand,(주)한국인삼공사,KGC,
2023-06-28,(주)한국인삼공사,FROZEN RED DEER VELVET ANTLER,생녹용(냉동),Deer velvet (frozen),New Zealand,(주)한국인삼공사,KGC,
2023-06-07,(주)한국인삼공사,DRIED RED DEER VELVET ANTLER,건조녹용,Deer velvet (dried),New Zealand,(주)한국인삼공사,KGC,
2023-06-02,(주)한국인삼공사,DRIED RED DEER VELVET ANTLER,녹용(건조),Deer velvet (dried),New Zealand,(주)한국인삼공사,KGC,
2023-06-02,(주)우성생약,DRIED RED DEER VELVET ANTLER,녹용(건조),Deer velvet (dried),New Zealand,(주)우성생약,WooSung,
2023-05-23,화용제약,FROZEN DEER HORN,생녹용(냉동),Deer velvet (frozen),New Zealand,화용제약,HwaYong Pharm.,
2023-05-08,(주)한국인삼공사,DRIED RED DEER VELVET ANTLER,건조녹용,Deer velvet (dried),New Zealand,(주)한국인삼공사,KGC,
2023-04-25,(주)한국인삼공사,DRIED RED DEER VELVET ANTLER,녹용(건조),Deer velvet (dried),New Zealand,(주)한국인삼공사,KGC,
2023-04-25,주식회사 이룡제약,DEER HORN,녹용,Deer velvet (dried),New Zealand,주식회사 이룡제약,Eryong Pharm.,
2023-04-25,대호제약주식회사,DRIED RED DEER VELVET ANTLER,건조녹용,Deer velvet (dried),New Zealand,대호제약주식회사,Daeho Pharm.,
2023-04-11,(주)온누리바이오생약,FROZEN DEER HORN,녹용,Deer velvet (frozen),New Zealand,(주)온누리바이오생약,Onnuri Bio,
2023-04-11,케이앤씨(K&C),DRIED RED DEER VELVET ANTLER,건조녹용,Deer velvet (dried),New Zealand,케이앤씨(K&C),K&C,
2023-04-11,(주)바이오닷,FROZEN RED DEER VELVET ANTLER,생녹용,Deer velvet (frozen),New Zealand,(주)바이오닷,Bio Dot,
2023-04-04,(주)한국인삼공사,DRIED RED DEER VELVET ANTLER,건조녹용,Deer velvet (dried),New Zealand,(주)한국인삼공사,KGC,
2023-04-04,화용제약,FROZEN DEER HORN,생녹용(냉동),Deer velvet (frozen),New Zealand,화용제약,HwaYong Pharm.,
2023-04-04,와이더블유 인터내셔날,FROZEN RED DEER VELVET ANTLER(WHOLE),냉동녹용,Deer velvet (frozen),New Zealand,와이더블유 인터내셔날,YW International,
2023-03-30,와이더블유 인터내셔날,FROZEN RED DEER VELVET ANTLER(WHOLE),냉동녹용,Deer velvet (frozen),New Zealand,와이더블유 인터내셔날,YW International,
2023-03-28,(주)천호엔케어,DEER HORN,녹용,Deer velvet (dried),New Zealand,(주)천호엔케어,Chunho N Care,
2023-03-24,(주)시원생약,FROZEN DEER HORN,생녹용,Deer velvet (frozen),New Zealand,(주)시원생약,Siwon Pharmaceutical,
2023-03-21,(주)한국인삼공사,DRIED RED DEER VELVET ANTLER,녹용(건조),Deer velvet (dried),New Zealand,(주)한국인삼공사,KGC,
2023-03-13,(주)온누리바이오생약,DEER HORN,녹용,Deer velvet (dried),Russia,(주)온누리바이오생약,Onnuri Bio,
2023-03-07,와이더블유 인터내셔날,FROZEN RED DEER VELVET (WHOLE),냉동녹용,Deer velvet (frozen),New Zealand,와이더블유 인터내셔날,YW International,
2023-02-28,와이더블유 인터내셔날,FROZEN WHOLE DEER VELVET ANTLER,냉동녹용,Deer velvet (frozen),New Zealand,와이더블유 인터내셔날,YW International,
2023-02-28,(주)한국인삼공사,DRIED RED DEER VELVET ANTLER,건조녹용,Deer velvet (dried),New Zealand,(주)한국인삼공사,KGC,
2023-02-28,화용제약,FROZEN DEER HORN,생녹용(냉동),Deer velvet (frozen),New Zealand,화용제약,HwaYong Pharm.,
2023-02-17,(주)한국인삼공사,DRIED RED DEER VELVET ANTLER,녹용(건조),Deer velvet (dried),New Zealand,(주)한국인삼공사,KGC,
2023-02-08,와이더블유 인터내셔날,FROZEN RED DEER VELVET ANTLER(WHOLE),냉동녹용,Deer velvet (frozen),New Zealand,와이더블유 인터내셔날,YW International,
2023-02-03,(주)한국인삼공사,DRIED RED DEER VELVET ANTLER,건조녹용,Deer velvet (dried),New Zealand,(주)한국인삼공사,KGC,
2023-02-03,흥수녹용,DEER HORNS VELVET ANTLER,녹용(건조),Deer velvet (dried),Russia,흥수녹용,Heungsoo Nogyong,
2023-01-31,(주)케이앤씨디어트레이드,FROZEN RED DEER VELVET ANTLER,생녹용(냉동),Deer velvet (frozen),New Zealand,(주)케이앤씨디어트레이드,KNC Deertrade,
2023-01-25,(주)한국인삼공사,DRIED RED DEER VELVET ANTLER,녹용(건조),Deer velvet (dried),New Zealand,(주)한국인삼공사,KGC,
2023-01-25,(주)이룸제약법인,DRIED RED DEER VELVET ANTLER,건조녹용,Deer velvet (dried),New Zealand,(주)이룸제약법인,Ee Room Pharm.,
2023-01-17,(주)이룸제약법인,DRIED RED DEER VELVET ANTLER,건조녹용,Deer velvet (dried),New Zealand,(주)이룸제약법인,Ee Room Pharm.,
2023-01-10,와이더블유 인터내셔날,FROZEN RED DEER VELVET ANTLER(WHOLE),냉동녹용,Deer velvet (frozen),New Zealand,와이더블유 인터내셔날,YW International,
2023-01-03,화용제약,FROZEN DEER HORN,생녹용(냉동),Deer velvet (frozen),New Zealand,화용제약,HwaYong Pharm.,
2022-12-21,유진통상,DEER HORN,건조녹용,Deer velvet (dried),Russia,유진통상,Yujin Trade,
2022-12-21,유진통상,DRIED REDDEER VELVET ANTLER,건조녹용,Deer velvet (dried),New Zealand,유진통상,Yujin Trade,
2022-12-21,(주)온누리바이오생약,DEER HORN,녹용,Deer velvet (frozen),New Zealand,(주)온누리바이오생약,Onnuri Bio,
2022-12-15,(주)케이앤씨디어트레이드,FROZEN RED DEER VELVET ANTLER,생녹용(냉동),Deer velvet (frozen),New Zealand,(주)케이앤씨디어트레이드,KNC Deertrade,
2022-12-13,(주)바이오닷,FROZEN RED DEER VELVET ANTLER,생녹용(냉동),Deer velvet (frozen),New Zealand,(주)바이오닷,Bio Dot,
2022-12-13,화용제약,FROZEN DEER HORN,생녹용(냉동),Deer velvet (frozen),New Zealand,화용제약,HwaYong Pharm.,
2022-12-13,일성식품,DEER HORN,녹용,Deer velvet (dried),New Zealand,일성식품,Ilseong Food,
2022-12-07,조은생약,DEER HORN,녹용,Deer velvet (dried),Russia,조은생약,JoEun Pharm,
2022-11-21,(주)온누리바이오생약,DEER HORN,녹용,Deer velvet (dried),New Zealand,(주)온누리바이오생약,Onnuri Bio,
2022-11-21,주식회사 이룡제약,DEER HORN,녹용,Deer velvet (dried),New Zealand,주식회사 이룡제약,Eryong Pharm.,
2022-11-03,(주)대원알디티,DEER HORNS VELVET ANTLER,녹용(건조),Deer velvet (dried),Russia,(주)대원알디티,DaeWon RTD,
2022-11-03,삼보제약,DRIED RED DEER VELVET ANTLER (WHOLE),녹용(건조),Deer velvet (dried),New Zealand,삼보제약,SamBo,
2022-10-26,주식회사 이룡제약,DEER HORN,녹용,Deer velvet (dried),New Zealand,주식회사 이룡제약,Eryong Pharm.,
2022-10-18,(주)한국인삼공사,DRIED RED DEER VELVET ANTLER,녹용(건조),Deer velvet (dried),New Zealand,(주)한국인삼공사,KGC,
2022-10-04,(주)한국인삼공사,DRIED RED DEER VELVET ANTLER,녹용(건조),Deer velvet (dried),,(주)한국인삼공사,KGC,
2022-09-23,(주)한국인삼공사,DRIED RED DEER VELVET ANTLER,녹용(건조),Deer velvet (dried),,(주)한국인삼공사,KGC,
2022-09-15,와이더블유 인터내셔날,FROZEN WHOLE RED DEER VELVET ANTLER,냉동녹용,Deer velvet (frozen),,와이더블유 인터내셔날,YW International,
2022-09-02,(주)한국인삼공사,DRIED RED DEER VELVET ANTLER,녹용(건조),Deer velvet (dried),,(주)한국인삼공사,KGC,
2022-08-29,주식회사 비봉허브,DEER HORN,녹용,Deer velvet (dried),,주식회사 비봉허브,Bibong Herb,
2022-08-24,(주)한국인삼공사,DRIED RED DEER VELVET ANTLER,녹용(건조),Deer velvet (dried),,(주)한국인삼공사,KGC,
2022-08-08,주식회사 이룡제약,DEER HORN,녹용,Deer velvet (dried),,주식회사 이룡제약,Eryong Pharm.,
2022-08-05,유진통상,DRIED REDDEER VELVET ANTLER,건조녹용,Deer velvet (dried),,유진통상,Yujin Trade,
2022-08-04,(주)온누리바이오생약,DEER HORN,녹용,Deer velvet (frozen),,(주)온누리바이오생약,Onnuri Bio,
2022-07-29,(주)한국인삼공사,DRIED RED DEER VELVET ANTLER,녹용(건조),Deer velvet (dried),,(주)한국인삼공사,KGC,
2022-07-12,(주)한국인삼공사,DRIED RED DEER VELVET ANTLER,녹용(건조),Deer velvet (dried),,(주)한국인삼공사,KGC,
2022-07-07,(주)케이앤씨디어트레이드,FROZEN RED DEER VELVET ANTLER,생녹용(냉동),Deer velvet (frozen),,(주)케이앤씨디어트레이드,KNC Deertrade,
2022-07-05,와이더블유 인터내셔날,FROZEN RED DEER VELVET ANTLER(WHOLE),냉동녹용,Deer velvet (frozen),,와이더블유 인터내셔날,YW International,
2022-06-30,주식회사 한방인 농업법인회사,DRIED RED DEER VELVET ANTLER,건조녹용,Deer velvet (dried),,주식회사 한방인 농업법인회사,Hanbangin,
2022-06-30,(주)한국인삼공사,DRIED RED DEER VELVET ANTLER,녹용(건조),Deer velvet (dried),,(주)한국인삼공사,KGC,
2022-06-22,화용제약,FROZEN DEER HORN,생녹용(냉동),Deer velvet (frozen),,화용제약,HwaYong Pharm.,
2022-06-15,(주)이룸제약법인,DRIED RED DEER VELVET ANTLER,건조녹용,Deer velvet (dried),,(주)이룸제약법인,Ee Room Pharm.,
2022-06-07,(주)한국인삼공사,DRIED RED DEER VELVET ANTLER,건조녹용,Deer velvet (dried),,(주)한국인삼공사,KGC,
2022-05-19,(주)시원생약,FROZEN DEER HORN,생녹용,Deer velvet (frozen),,(주)시원생약,Siwon Pharmaceutical,
2022-05-11,(주)케이앤씨디어트레이드,FROZEN RED DEER VELVET ANTLER,생녹용,Deer velvet (frozen),,(주)케이앤씨디어트레이드,KNC Deertrade,
2022-05-11,와이더블유 인터내셔날,FROZEN RED DEER VELVET ANTLER(WHOLE),냉동녹용,Deer velvet (frozen),,와이더블유 인터내셔날,YW International,
2022-05-09,(주)한국인삼공사,DRIED RED DEER VELVET ANTLER,녹용(건조),Deer velvet (dried),,(주)한국인삼공사,KGC,
2022-05-09,주식회사 비봉허브,DRIED RED DEER VELVET ANTLER,녹용(건조),Deer velvet (dried),,주식회사 비봉허브,Bibong Herb,
2022-05-09,하랑무약,DRIED RED DEER VELVET ANTLER,녹용(건조),Deer velvet (dried),,하랑무약,Harang Muyak,
2022-05-09,(주)용보제약,DRIED RED DEER VELVET ANTLER,녹용(건조),Deer velvet (dried),,(주)용보제약,YongBo,
2022-05-09,(주)우성생약,DRIED RED DEER VELVET ANTLER,녹용(건조),Deer velvet (dried),,(주)우성생약,WooSung,
2022-04-25,한선트레이딩 주식회사,DRIED RED DEER VELVET ANTLER,건조녹용,Deer velvet (dried),,한선트레이딩 주식회사,Hansun Trading,
2022-04-18,(주)천호엔케어,DRIED RED DEER VELVET ANTLER,건조녹용,Deer velvet (dried),,(주)천호엔케어,Chunho N Care,
2022-04-18,(주)한국인삼공사,DRIED RED DEER VELVET ANTLER,건조녹용,Deer velvet (dried),,(주)한국인삼공사,KGC,
2022-04-18,(주)온누리바이오생약,DEER HORN,녹용,Deer velvet (dried),,(주)온누리바이오생약,Onnuri Bio,
2022-04-12,(주)케이앤씨디어트레이드,FROZEN RED DEER VELVET ANTLER,생녹용(냉동),Deer velvet (frozen),,(주)케이앤씨디어트레이드,KNC Deertrade,
2022-04-06,(주)한국인삼공사,DRIED RED DEER VELVET ANTLER,건조녹용,Deer velvet (dried),,(주)한국인삼공사,KGC,
2022-04-06,케이앤씨(K&C),DRIED RED DEER VELVET ANTLER,건조녹용,Deer velvet (dried),,케이앤씨(K&C),K&C,
2022-04-06,(주)이룸제약법인,DRIED RED DEER VELVET ANTLER,건조녹용,Deer velvet (dried),,(주)이룸제약법인,Ee Room Pharm.,
2022-04-01,(주)한국인삼공사,DRIED RED DEER VELVET ANTLER,건조녹용,Deer velvet (dried),,(주)한국인삼공사,KGC,
2022-04-01,향나바이오 주식회사,DEER HORN,녹용,Deer velvet (dried),,향나바이오 주식회사,Hyangna Bio,
2022-03-18,(주)한국인삼공사,DRIED RED DEER VELVET ANTLER,건조녹용,Deer velvet (dried),,(주)한국인삼공사,KGC,
2022-03-15,(주)케이앤씨디어트레이드,FROZEN RED DEER VELVET ANTLER,생녹용(냉동),Deer velvet (frozen),,(주)케이앤씨디어트레이드,KNC Deertrade,
2022-03-10,일성식품,DEER HORN,녹용,Deer velvet (dried),,일성식품,Ilseong Food,
2022-02-21,주식회사 비봉허브,DRIED RED DEER VELVET ANTLER,녹용(건조),Deer velvet (dried),,주식회사 비봉허브,Bibong Herb,
2022-02-16,비아텍주식회사,DRIED MARAL VELVET ANTLER,녹용(건조),Deer velvet (dried),,비아텍주식회사,Bia Tech,
2022-02-15,향나바이오 주식회사,DEER HORN,녹용,Deer velvet (dried),,향나바이오 주식회사,Hyangna Bio,
2022-02-10,명가녹용 주식회사,DRIED RED DEER VELVET ANTLER(WHOLE),녹용,Deer velvet (dried),,명가녹용 주식회사,MyungGa,
2022-02-03,화용제약,DEER HORN,녹용,Deer velvet (dried),,화용제약,HwaYong Pharm.,
2022-01-27,명가녹용 주식회사,FROZEN RED DEER VELVET ANTLER,생녹용,Deer velvet (frozen),,명가녹용 주식회사,MyungGa,
2022-01-26,(주)바이오닷,FROZEN RED DEER VELVET ANTLER,생녹용,Deer velvet (frozen),,(주)바이오닷,Bio Dot,
2022-01-25,주식회사 이룡제약,DEER HORN,녹용,Deer velvet (frozen),,주식회사 이룡제약,Eryong Pharm.,
2022-01-24,일성식품,DEER HORN,녹용,Deer velvet (dried),,일성식품,Ilseong Food,
2022-01-20,(주)케이앤씨디어트레이드,FROZEN RED DEER VELVET ANTLER,생녹용(냉동),Deer velvet (frozen),,(주)케이앤씨디어트레이드,KNC Deertrade,
2022-01-17,(주)케이앤씨디어트레이드,FROZEN RED DEER VELVET ANTLER,생녹용(냉동),Deer velvet (frozen),,(주)케이앤씨디어트레이드,KNC Deertrade,
2022-01-17,(주)케이앤씨디어트레이드,FROZEN RED DEER VELVET ANTLER,생녹용(냉동),Deer velvet (frozen),,(주)케이앤씨디어트레이드,KNC Deertrade,
2022-01-11,와이더블유 인터내셔날,FROZEN WHOLE DEER VELVET ANTLER,생녹용(냉동),Deer velvet (frozen),,와이더블유 인터내셔날,YW International,
2021-12-28,(주)이룸제약법인,DRIED RED DEER VELVET ANTLER,건조녹용,Deer velvet (dried),,(주)이룸제약법인,Ee Room Pharm.,
2021-12-24,(주)바이오닷,FROZEN RED DEER VELVET ANTLER,생녹용,Deer velvet (frozen),,(주)바이오닷,Bio Dot,
2021-12-24,(주)우성생약,DRIED RED DEER VELVET ANTLER,녹용(건조),Deer velvet (dried),,(주)우성생약,WooSung,
2021-11-24,태안약업(주),DEER HORN,녹용,Deer velvet,,태안약업(주),Taeahn,
2021-11-22,향나바이오 주식회사,DEER HORN,녹용,Deer velvet,,향나바이오 주식회사,Hyangna Bio,
2021-11-22,일성식품,DEER HORN,녹용,Deer velvet,,일성식품,Ilseong Food,
2021-11-22,와이더블유 인터내셔날,DRIED WHOLE DEER VELVET,녹용,Deer velvet,,와이더블유 인터내셔날,YW International,
2021-11-22,조은생약,DEER HORN,녹용,Deer velvet,,조은생약,JoEun Pharm,
2021-11-15,명가녹용 주식회사,MARAL DEER HORNS,녹용,Deer velvet,,명가녹용 주식회사,MyungGa,
2021-11-09,케이앤씨(K&C),DRIED RED DEER VELVET ANTLER,건조녹용,Deer velvet (dried),,케이앤씨(K&C),K&C,
2021-11-09,비아텍주식회사,DRIED MARAL VELVET ANTLER,녹용(건조),Deer velvet (dried),,비아텍주식회사,Bia Tech,
2021-11-05,(주)대원알디티,DEER HORNS VELVET ANTLER,녹용(건조),Deer velvet (dried),,(주)대원알디티,DaeWon RTD,
2021-11-05,(주)온누리바이오생약,DEER HORN,녹용,Deer velvet,,(주)온누리바이오생약,Onnuri Bio,
2021-11-05,(주)대흥제약,DEER HORN,녹용,Deer velvet,,(주)대흥제약,Daeheung Pharm,
2021-11-02,와이더블유 인터내셔날,MARAL DEER HORNS,녹용,Deer velvet,,와이더블유 인터내셔날,YW International,
2021-10-25,흥수녹용,DEER HORNS VELVET ANTLER,녹용(건조),Deer velvet (dried),,흥수녹용,Heungsoo Nogyong,
2021-10-19,(주)케이앤씨디어트레이드,FROZEN RED DEER VELVET ANTLER,생녹용,Deer velvet (frozen),,(주)케이앤씨디어트레이드,KNC Deertrade,
2021-10-01,케이앤씨(K&C),DRIED RED DEER VELVET ANTLER,건조녹용,Deer velvet (dried),,케이앤씨(K&C),K&C,
2021-10-01,우성생약(주),DRIED RED DEER VELVET ANTLER,녹용(건조),Deer velvet (dried),,우성생약(주),WooSung,
2021-10-01,유진통상,DEER HORN,건조녹용,Deer velvet (dried),,유진통상,Yujin Trade,
2021-09-24,화용제약,DEER HORN,녹용,Deer velvet,,화용제약,HwaYong Pharm.,
2021-09-13,향나바이오 주식회사,DEER HORN,녹용,Deer velvet,,향나바이오 주식회사,Hyangna Bio,
2021-09-06,(주)온누리바이오생약,DEER HORN,녹용,Deer velvet,,(주)온누리바이오생약,Onnuri Bio,
2021-08-31,(주)이룸제약법인,DRIED RED DEER VELVET ANTLER,건조녹용,Deer velvet (dried),,(주)이룸제약법인,Ee Room Pharm.,
2021-08-23,(주)온누리바이오생약,DEER HORN,녹용,Deer velvet,,(주)온누리바이오생약,Onnuri Bio,
2021-08-23,주식회사 비봉허브,DRIED RED DEER VELVET ANTLER,녹용(건조),Deer velvet (dried),,주식회사 비봉허브,Bibong Herb,
2021-08-18,(주)이룸제약법인,DRIED RED DEER VELVET ANTLER,건조녹용,Deer velvet (dried),,(주)이룸제약법인,Ee Room Pharm.,
2021-08-09,(주)한국인삼공사,DRIED RED DEER VELVET ANTLER,건조녹용,Deer velvet (dried),,(주)한국인삼공사,KGC,
2021-07-20,(주)한국인삼공사,DRIED RED DEER VELVET ANTLER,건조녹용,Deer velvet (dried),,(주)한국인삼공사,KGC,
2021-07-20,(주)이룸제약법인,DEER HORNS VELVET ANTLER,건조녹용,Deer velvet (dried),,(주)이룸제약법인,Ee Room Pharm.,
2021-07-14,와이더블유 인터내셔날,FROZEN RED DEER VELVET ANTLER(WHOLE),냉동녹용,Deer velvet (frozen),,와이더블유 인터내셔날,YW International,
2021-07-12,(주)한국인삼공사,DRIED RED DEER VELVET ANTLER,건조녹용,Deer velvet (dried),,(주)한국인삼공사,KGC,
2021-06-30,(주)시원생약,FROZEN DEER HORN,생녹용,Deer velvet (frozen),,(주)시원생약,Siwon Pharmaceutical,
2021-06-28,명가녹용 주식회사,FROZEN RED DEER VELVET ANTLER,생녹용,Deer velvet (frozen),,명가녹용 주식회사,MyungGa,
2021-06-28,(주)한국인삼공사,DRIED RED DEER VELVET ANTLER,건조녹용,Deer velvet (dried),,(주)한국인삼공사,KGC,
2021-06-01,(주)대한녹용수출입법인,DEER HORN,녹용(건조),Deer velvet (dried),,(주)대한녹용수출입법인,KVIE,
2021-06-01,(주)온누리바이오생약,DEER HORN,녹용,Deer velvet,,(주)온누리바이오생약,Onnuri Bio,
2021-06-01,주식회사 이룡제약,DEER HORN,녹용,Deer velvet,,주식회사 이룡제약,Eryong Pharm.,
2021-05-31,유진통상,DEER HORN,건조녹용,Deer velvet (dried),,유진통상,Yujin Trade,
2021-05-26,(주)한국인삼공사,DRIED RED DEER VELVET ANTLER,건조녹용,Deer velvet (dried),,(주)한국인삼공사,KGC,
2021-05-26,(주)한국인삼공사,DRIED RED DEER VELVET ANTLER,녹용(건조),Deer velvet (dried),,(주)한국인삼공사,KGC,
2021-05-18,와이더블유 인터내셔날,FROZEN RED DEER VELVET ANTLER(WHOLE),냉동녹용,Deer velvet (frozen),,와이더블유 인터내셔날,YW International,
2021-05-14,(주)이룸제약법인,DRIED RED DEER VELVET ANTLER,건조녹용,Deer velvet (dried),,(주)이룸제약법인,Ee Room Pharm.,
2021-04-29,건향제약주식회사,DEER HORNS,녹용(건조),Deer velvet (dried),,건향제약주식회사,Geonhyang Pharm.,
2021-04-29,(주)한국인삼공사,DRIED RED DEER VELVET ANTLER,녹용(건조),Deer velvet (dried),,(주)한국인삼공사,KGC,
2021-04-09,(주)한국인삼공사,DRIED RED DEER VELVET ANTLER,건조녹용,Deer velvet (dried),,(주)한국인삼공사,KGC,
2021-04-06,(주)바이오닷,FROZEN RED DEER VELVET ANTLER,생녹용,Deer velvet (frozen),,(주)바이오닷,Bio Dot,
2021-03-30,(주)우성생약,DRIED RED DEER VELVET ANTLER,녹용(건조),Deer velvet (dried),,(주)우성생약,WooSung,
2021-03-26,(주)케이앤씨디어트레이드,DRIED MARAL VELVET ANTLER(WHOLE),녹용(건조),Deer velvet (dried),,(주)케이앤씨디어트레이드,KNC Deertrade,
2021-03-24,(주)천호엔케어,DRIED RED DEER VELVET ANTLER,건조녹용,Deer velvet (dried),,(주)천호엔케어,Chunho N Care,
2021-03-17,(주)한국인삼공사,DRIED RED DEER VELVET ANTLER,건조녹용,Deer velvet (dried),,(주)한국인삼공사,KGC,
2021-02-25,화용제약,FROZEN DEER HORN,생녹용(냉동),Deer velvet (frozen),,화용제약,HwaYong Pharm.,
2021-02-24,한네이처(Hannature),DEER HORN,녹용,Deer velvet,,한네이처(Hannature),Hannature,
2021-02-16,(주)케이앤씨디어트레이드,FROZEN RED DEER VELVET ANTLER,생녹용,Deer velvet (frozen),,(주)케이앤씨디어트레이드,KNC Deertrade,
2021-02-02,(주)한동허브,FROZEN RED DEER VELVET ANTLER,생녹용(냉동),Deer velvet (frozen),,(주)한동허브,Handong Herb,
2021-02-01,흥수녹용,DEER HORNS VELVET ANTLER,녹용(건조),Deer velvet (dried),,흥수녹용,Heungsoo Nogyong,
2021-01-27,(주)진수녹용,DRIED RED DEER VELVET ANTLER,녹용(건조),Deer velvet (dried),,(주)진수녹용,"Jinsoo Deer Co., Ltd.",
2021-01-26,화용제약,FROZEN DEER HORN,생녹용(냉동),Deer velvet (frozen),,화용제약,HwaYong Pharm.,
2021-01-22,삼보제약,FROZEN RED DEER VELVET ANTLER,생녹용,Deer velvet (frozen),,삼보제약,SamBo,
2021-01-22,(주)온누리바이오생약,DEER HORN,녹용,Deer velvet,,(주)온누리바이오생약,Onnuri Bio,
2021-01-05,(주)대원알디티,DEER HORNS VELVET ANTLER,녹용(건조),Deer velvet (dried),,(주)대원알디티,DaeWon RTD,
2021-01-04,조은생약,DEER HORN,녹용,Deer velvet,,조은생약,JoEun Pharm,
2020-12-17,유진통상,DEER HORN,건조녹용,Deer velvet (dried),,유진통상,Yujin Trade,
2020-12-09,진가식품,FROZEN RED DEER VELVET ANTLER,생녹용(냉동),Deer velvet (frozen),,진가식품,Jinka Food,
2020-12-09,원용본가,DRIED HORN VELVET ANTLER,건조녹용(전지),Dried deer velvet (whole stick),,원용본가,WonYong Bonga,
2020-11-27,주식회사 유한건강생활,FROZEN WHOLE STICK VELVET,녹용,Deer velvet,,주식회사 유한건강생활,Yuhan Care,
2020-11-27,(주)대흥제약,DEER HORN,녹용,Deer velvet,,(주)대흥제약,Daeheung Pharm,
2020-11-27,(주)우성생약,DRIED RED DEER VELVET ANTLER,녹용(건조),Deer velvet (dried),,(주)우성생약,WooSung,
2020-11-23,주식회사 이룡제약,DRIED MAROK VELVET ANTLER,건조녹용,Deer velvet (dried),,주식회사 이룡제약,Eryong Pharm.,
2020-11-09,유진통상,DEER HORN,건조녹용,Deer velvet (dried),,유진통상,Yujin Trade,
2020-11-09,(주)이룸제약법인,DRIED RED DEER VELVET ANTLER,건조녹용,Deer velvet (dried),,(주)이룸제약법인,Ee Room Pharm.,
2020-11-04,(주)대원알디티,DEER HORNS VELVET ANTLER,녹용(건조),Deer velvet (dried),,(주)대원알디티,DaeWon RTD,
2020-11-04,일성식품,DEER HORN,녹용,Deer velvet,,일성식품,Ilseong Food,
2020-10-19,(주)이룸제약법인,DRIED RED DEER VELVET ANTLER,건조녹용,Deer velvet (dried),,(주)이룸제약법인,Ee Room Pharm.,
2020-09-25,원용본가,DRIED HORN VELVET ANTLER,건조녹용(전지),Dried deer velvet (whole stick),,원용본가,WonYong Bonga,
2020-09-04,주식회사 한국인삼공사,DRIED RED DEER VELVET ANTLER,녹용(건조),Deer velvet (dried),,주식회사 한국인삼공사,KGC,
2020-09-02,(주)진수녹용,DRIED RED DEER VELVET,녹용(건조),Deer velvet (dried),,(주)진수녹용,"Jinsoo Deer Co., Ltd.",
2020-08-26,(주)한동허브,FROZEN RED DEER VELVET ANTLER,생녹용,Deer velvet (frozen),,(주)한동허브,Handong Herb,
2020-08-13,주식회사 한국인삼공사,DRIED RED DEER VELVET ANTLER,녹용(건조),Deer velvet (dried),,주식회사 한국인삼공사,KGC,
2020-08-05,주식회사 한국인삼공사,DRIED RED DEER VELVET ANTLER,녹용(건조),Deer velvet (dried),,주식회사 한국인삼공사,KGC,
2020-07-21,와이더블유 인터내셔날,FROZEN RED DEER VELVET ANTLER(WHOLE),냉동녹용,Deer velvet (frozen),,와이더블유 인터내셔날,YW International,
2020-07-20,주식회사 한국인삼공사,DRIED RED DEER VELVET ANTLER,녹용(건조),Deer velvet (dried),,주식회사 한국인삼공사,KGC,
2020-07-01,주식회사 한국인삼공사,DRIED RED DEER VELVET ANTLER,녹용(건조),Deer velvet (dried),,주식회사 한국인삼공사,KGC,
2020-06-22,주식회사 한국인삼공사,DRIED RED DEER VELVET ANTLER,녹용(건조),Deer velvet (dried),,주식회사 한국인삼공사,KGC,
2020-06-22,주식회사 한국인삼공사,DRIED RED DEER VELVET ANTLER,녹용(건조),Deer velvet (dried),,주식회사 한국인삼공사,KGC,
2020-06-22,(주)우성생약,DRIED RED DEER VELVET ANTLER,녹용(건조),Deer velvet (dried),,(주)우성생약,WooSung,
2020-06-09,(주)케이앤씨디어트레이드,FROZEN RED DEER VELVET ANTLER,생녹용,Deer velvet (frozen),,(주)케이앤씨디어트레이드,KNC Deertrade,
2020-06-09,주식회사 한국인삼공사,DRIED RED DEER VELVET ANTLER,녹용(건조),Deer velvet (dried),,주식회사 한국인삼공사,KGC,
2020-06-05,(주)용보제약,DRIED RED DEER VELVET,녹용,Deer velvet,,(주)용보제약,YongBo,
2020-06-04,주식회사 비봉허브,DRIED RED DEER VELVET ANTLER,녹용(건조),Deer velvet (dried),,주식회사 비봉허브,Bibong Herb,
2020-05-27,(주)케이앤씨디어트레이드,FROZEN RED DEER VELVET ANTLER,생녹용,Deer velvet (frozen),,(주)케이앤씨디어트레이드,KNC Deertrade,
2020-05-25,주식회사 한국인삼공사,DRIED RED DEER VELVET ANTLER,녹용(건조),Deer velvet (dried),,주식회사 한국인삼공사,KGC,
2020-04-28,주식회사 이룡제약,DRIED RED DEER VELVET ANTLER,건조녹용,Deer velvet (dried),,주식회사 이룡제약,Eryong Pharm.,
2020-03-25,주식회사 한국인삼공사,DRIED RED DEER VELVET ANTLER,건조녹용,Deer velvet (dried),,주식회사 한국인삼공사,KGC,
2020-03-23,(주)한동허브,FROZEN RED DEER VELVET ANTLER,생녹용,Deer velvet (frozen),,(주)한동허브,Handong Herb,
2020-03-16,유진통상,DRIED RED DEER VELVET,건조녹용,Deer velvet (dried),,유진통상,Yujin Trade,
2020-03-03,주식회사 한국인삼공사,DRIED RED DEER VELVET ANTLER,건조녹용,Deer velvet (dried),,주식회사 한국인삼공사,KGC,
2020-02-25,주식회사 한국인삼공사,DRIED RED DEER VELVET ANTLER,건조녹용,Deer velvet (dried),,주식회사 한국인삼공사,KGC,
2020-02-25,와이더블유 인터내셔날,FROZEN RED DEER VELVET ANTLER(WHOLE),냉동녹용,Deer velvet (frozen),,와이더블유 인터내셔날,YW International,
2020-02-25,(주)천호엔케어,DRIED RED DEER VELVET ANTLER,건조녹용,Deer velvet (dried),,(주)천호엔케어,Chunho N Care,
2020-02-21,(주)대흥제약,DEER HORN,녹용,Deer velvet,,(주)대흥제약,Daeheung Pharm,
2020-02-14,진가식품,FROZEN RED DEER VELVET ANTLER,생녹용,Deer velvet (frozen),,진가식품,Jinka Food,
2020-02-14,(주)원경약업사,FROZEN RED DEER VELVET ANTLER(WHOLE),냉동녹용,Deer velvet (frozen),,(주)원경약업사,Wonkyung Yakup,
2020-02-13,일성식품,DEER HORN,녹용,Deer velvet,,일성식품,Ilseong Food,
2020-02-13,주식회사 비봉허브,DRIED RED DEER VELVET ANTLER,건조녹용,Deer velvet (dried),,주식회사 비봉허브,Bibong Herb,
2020-01-21,(주)케이앤씨디어트레이드,FROZEN RED DEER VELVET ANTLER,생녹용,Deer velvet (frozen),,(주)케이앤씨디어트레이드,KNC Deertrade,
2020-01-10,와이더블유 인터내셔날,FROZEN RED DEER VELVET ANTLER(WHOLE),냉동녹용,Deer velvet (frozen),,와이더블유 인터내셔날,YW International,
2020-01-08,(주)대덕제약,MARAL DEER HORNS,녹용,Deer velvet,,(주)대덕제약,Daedeok Pharm.,
2020-01-08,명가녹용 주식회사,MARAL DEER HORNS,녹용,Deer velvet,,명가녹용 주식회사,MyungGa,
2020-01-06,(주)대원알디티,DEER HORNS VELVET ANTLER,건녹용,Deer velvet (dried),,(주)대원알디티,DaeWon RTD,
2020-01-06,건향제약주식회사,DRIED MARAL VELVET ANTLER(WHOLE),건조녹용,Deer velvet (dried),,건향제약주식회사,Geonhyang Pharm.,
2019-12-31,(주)케이앤씨디어트레이드,FROZEN RED DEER VELVET ANTLER,생녹용,Deer velvet (frozen),,(주)케이앤씨디어트레이드,KNC Deertrade,
2019-12-18,진가식품,FROZEN RED DEER VELVET ANTLER,생녹용,Deer velvet (frozen),,진가식품,Jinka Food,
2019-12-13,(주)온누리바이오생약,FROZEN RED DEER VELVET ANTLER,생녹용,Deer velvet (frozen),,(주)온누리바이오생약,Onnuri Bio,
2019-12-03,와이더블유 인터내셔날,FROZEN RED DEER VELVET ANTLER(WHOLE),냉동녹용,Deer velvet (frozen),,와이더블유 인터내셔날,YW International,
2019-12-03,(주)케이앤씨디어트레이드,FROZEN RED DEER VELVET ANTLER,생녹용,Deer velvet (frozen),,(주)케이앤씨디어트레이드,KNC Deertrade,
2019-11-28,대호제약주식회사,FROZEN RED DEER VELVET ANTLER,생녹용,Deer velvet (frozen),,대호제약주식회사,Daeho Pharm.,
2019-10-28,(주)대원알디티,DEER HORNS VELVET ANTLER,건녹용,Deer velvet (dried),,(주)대원알디티,DaeWon RTD,
2019-10-21,주식회사 한국인삼공사,DRIED RED DEER VELVET ANTLER,건조녹용,Deer velvet (dried),,주식회사 한국인삼공사,KGC,
2019-10-21,일성식품,DEER HORN,녹용,Deer velvet,,일성식품,Ilseong Food,
2019-10-17,(주)대흥제약,DEER HORN,녹용,Deer velvet,,(주)대흥제약,Daeheung Pharm,
2019-10-17,진가식품,FROZEN RED DEER VELVET ANTLER,생녹용,Deer velvet (frozen),,진가식품,Jinka Food,
2019-10-15,유진통상,DEER HORN,건조녹용,Deer velvet (dried),,유진통상,Yujin Trade,
2019-10-02,한동허브,FROZEN RED DEER VELVET ANTLER,생녹용,Deer velvet (frozen),,한동허브,Handong Herb,
2019-09-25,주식회사 한국인삼공사,DRIED RED DEER VELVET ANTLER,건조녹용,Deer velvet (dried),,주식회사 한국인삼공사,KGC,
2019-08-28,(주)케이앤씨디어트레이드,FROZEN RED DEER VELVET ANTLER,생녹용,Deer velvet (frozen),,(주)케이앤씨디어트레이드,KNC Deertrade,
2019-08-28,주식회사 한국인삼공사,DRIED RED DEER VELVET ANTLER,건조녹용,Deer velvet (dried),,주식회사 한국인삼공사,KGC,
2019-08-28,(주)우성생약,DRIED RED DEER VELVET ANTLER,건조녹용,Deer velvet (dried),,(주)우성생약,WooSung,
2019-08-28,주식회사 비봉허브,DRIED RED DEER VELVET ANTLER,건조녹용,Deer velvet (dried),,주식회사 비봉허브,Bibong Herb,
2019-08-06,주식회사 한국인삼공사,DRIED RED DEER VELVET ANTLER,건조녹용,Deer velvet (dried),,주식회사 한국인삼공사,KGC,
2019-08-06,유진통상,DRIED RED DEER VELVET ANTLER,건조녹용,Deer velvet (dried),,유진통상,Yujin Trade,
2019-07-29,화용제약,DEER HORN,녹용,Deer velvet,,화용제약,HwaYong Pharm.,
2019-07-25,(주)케이앤씨디어트레이드,FROZEN RED DEER VELVET ANTLER,생녹용,Deer velvet (frozen),,(주)케이앤씨디어트레이드,KNC Deertrade,
2019-07-12,유진통상,DEER HORN,건조녹용,Deer velvet (dried),,유진통상,Yujin Trade,
2019-07-02,(주)원경약업사,DRIED RED DEER VELVET ANTLER,건조녹용,Deer velvet (dried),,(주)원경약업사,Wonkyung Yakup,
2019-07-02,(주)케이앤씨디어트레이드,DEER HORNS VELVET ANTLER,건녹용,Deer velvet (dried),,(주)케이앤씨디어트레이드,KNC Deertrade,
2019-07-02,(주)케이앤씨디어트레이드,DEER HORNS VELVET ANTLER,건녹용,Deer velvet (dried),,(주)케이앤씨디어트레이드,KNC Deertrade,
2019-06-28,진가식품,ROZEN RED DEER VELVET ANTLER,생녹용,Deer velvet (frozen),,진가식품,Jinka Food,
2019-06-25,주식회사 한국인삼공사,DRIED RED DEER VELVET ANTLER,건조녹용,Deer velvet (dried),,주식회사 한국인삼공사,KGC,
2019-06-04,유진통상,DEER VELVET,건조녹용,Deer velvet (dried),,유진통상,Yujin Trade,
2019-05-21,주식회사 한국인삼공사,DRIED RED DEER VELVET ANTLER,건조녹용,Deer velvet (dried),,주식회사 한국인삼공사,KGC,
2019-05-21,주식회사 한국인삼공사,DRIED RED DEER VELVET ANTLER,건조녹용,Deer velvet (dried),,주식회사 한국인삼공사,KGC,
2019-05-21,(주)천호엔케어,DRIED RED DEER VELVET ANTLER,건조녹용,Deer velvet (dried),,(주)천호엔케어,Chunho N Care,
2019-05-09,와이더블유 인터내셔날,FROZEN RED DEER VELVET ANTLER(WHOLE),냉동녹용,Deer velvet (frozen),,와이더블유 인터내셔날,YW International,
2019-05-01,하랑무약,FROZEN RED DEER VELVET ANTLER,생녹용,Deer velvet (frozen),,하랑무약,Harang Muyak,
2019-04-23,진가식품,FROZEN RED DEER VELVET ANTLER,생녹용,Deer velvet (frozen),,진가식품,Jinka Food,
2019-04-23,(주)케이앤씨디어트레이드,FROZEN RED DEER VELVET ANTLER,생녹용,Deer velvet (frozen),,(주)케이앤씨디어트레이드,KNC Deertrade,
2019-04-22,주식회사 비봉허브,DRIED RED DEER VELVET ANTLER,건조녹용,Deer velvet (dried),,주식회사 비봉허브,Bibong Herb,
2019-04-17,명가녹용 주식회사,DRIED RED DEER VELVET ANTLER(WHOLE),녹용,Deer velvet,,명가녹용 주식회사,MyungGa,
2019-04-16,(주)용보제약,DRIED RED DEER VELVET,녹용,Deer velvet,,(주)용보제약,YongBo,
2019-04-04,주식회사 한국인삼공사,DRIED RED DEER VELVET ANTLER,건조녹용,Deer velvet (dried),,주식회사 한국인삼공사,KGC,
2019-04-04,주식회사 한국인삼공사,DRIED RED DEER VELVET ANTLER,건조녹용,Deer velvet (dried),,주식회사 한국인삼공사,KGC,
2019-03-28,(주)천호엔케어,DRIED RED DEER VELVET ANTLER,건조녹용,Deer velvet (dried),,(주)천호엔케어,Chunho N Care,
2019-03-27,(주)케이앤씨디어트레이드,FROZEN RED DEER VELVET ANTLER,생녹용,Deer velvet (frozen),,(주)케이앤씨디어트레이드,KNC Deertrade,
2019-03-15,진가식품,FROZEN RED DEER VELVET ANTLER,생녹용,Deer velvet (frozen),,진가식품,Jinka Food,
2019-02-27,와이더블유 인터내셔날,FROZEN RED DEER VELVET ANTLER(WHOLE),냉동녹용,Deer velvet (frozen),,와이더블유 인터내셔날,YW International,
2019-02-15,주식회사 한국인삼공사,DRIED RED DEER VELVET ANTLER,건조녹용,Deer velvet (dried),,주식회사 한국인삼공사,KGC,
2019-02-15,(주)디에이치지글로벌,DEER HORN,녹용,Deer velvet,,(주)디에이치지글로벌,DHG Global,
2019-02-12,(주)케이앤씨디어트레이드,FROZEN RED DEER VELVET ANTLER,생녹용,Deer velvet (frozen),,(주)케이앤씨디어트레이드,KNC Deertrade,
2019-02-08,한동허브,FROZEN RED DEER VELVET,생녹용,Deer velvet (frozen),,한동허브,Handong Herb,
2019-01-31,와이더블유 인터내셔날,FROZEN RED DEER VELVET ANTLER(WHOLE),냉동녹용,Deer velvet (frozen),,와이더블유 인터내셔날,YW International,
2019-01-28,조은생약,DEER HORN,녹용,Deer velvet,,조은생약,JoEun Pharm,
2019-01-24,주식회사 비봉허브,DRIED RED DEER VELVET ANTLER,건조녹용,Deer velvet (dried),,주식회사 비봉허브,Bibong Herb,
2019-01-15,일성식품,DEER HORN,녹용,Deer velvet,,일성식품,Ilseong Food,
2019-01-15,신송강무역,DEER HORN,녹용,Deer velvet,,신송강무역,ShinSongGang Trade,
2018-12-26,화용제약,DEER HORN,녹용,Deer velvet,,화용제약,HwaYong Pharm.,
2018-12-26,한동허브,FROZEN RED DEER VELVET,생녹용,Deer velvet (frozen),,한동허브,Handong Herb,
2018-12-21,(주)케이앤씨디어트레이드,FROZEN RED DEER VELVET ANTLER,생녹용,Deer velvet (frozen),,(주)케이앤씨디어트레이드,KNC Deertrade,
2018-12-18,(주)진수녹용,DRIED RED DEER VELVET ANTLER,건조녹용,Deer velvet (dried),,(주)진수녹용,"Jinsoo Deer Co., Ltd.",
2018-12-14,(주)대흥제약,DEER HORN,녹용,Deer velvet,,(주)대흥제약,Daeheung Pharm,
2018-12-13,(주)케이앤씨디어트레이드,FROZEN RED DEER VELVET ANTLER,생녹용,Deer velvet (frozen),,(주)케이앤씨디어트레이드,KNC Deertrade,
2018-12-06,와이더블유 인터내셔날,DRIED RED DEER VELVET ANTLER(WHOLE),녹용,Deer velvet,,와이더블유 인터내셔날,YW International,
2018-12-05,㈜대흥제약,DEER HORN,건조녹용,Deer velvet (dried),,㈜대흥제약,Daeheung Pharm,
2018-11-23,(주)한국온누리제약,FROZEN RED DEER VELVET ANTLER,생녹용,Deer velvet (frozen),,(주)한국온누리제약,Hankook Onnuri Pharm,
2018-11-09,일성식품,DEER HORN,건조녹용,Deer velvet (dried),,일성식품,Ilseong Food,
2018-10-17,주식회사 한국인삼공사,DRIED RED DEER VELVET ANTLER,건조녹용,Deer velvet (dried),,주식회사 한국인삼공사,KGC,
2018-10-16,(주)케이앤씨디어트레이드,FROZEN RED DEER VELVET ANTLER,생녹용,Deer velvet (frozen),,(주)케이앤씨디어트레이드,KNC Deertrade,
2018-10-11,주식회사 한국인삼공사,DRIED RED DEER VELVET ANTLER,건조녹용,Deer velvet (dried),,주식회사 한국인삼공사,KGC,
2018-10-10,(주)시원생약,FROZEN DEER HORN,생녹용,Deer velvet (frozen),,(주)시원생약,Siwon Pharmaceutical,
2018-09-13,주식회사 한국인삼공사,DRIED RED DEER VELVET ANTLER,건조녹용,Deer velvet (dried),,주식회사 한국인삼공사,KGC,
2018-08-30,주식회사 한국인삼공사,DRIED RED DEER VELVET ANTLER,건조녹용,Deer velvet (dried),,주식회사 한국인삼공사,KGC,
2018-08-30,주식회사 비봉허브,DRIED RED DEER VELVET ANTLER,건조녹용,Deer velvet (dried),,주식회사 비봉허브,Bibong Herb,
2018-08-21,(주)유한양행,FROZEN WHOLE STICK VELVET,생녹용,Deer velvet (frozen),,(주)유한양행,Yuhan Corporation.,
2018-08-14,주식회사 한국인삼공사,DRIED RED DEER VELVET ANTLER,건조녹용,Deer velvet (dried),,주식회사 한국인삼공사,KGC,
2018-07-31,주식회사 한국인삼공사,DRIED RED DEER VELVET ANTLER,건조녹용,Deer velvet (dried),,주식회사 한국인삼공사,KGC,
2018-07-24,(주)용보제약,DRIED RED DEER VELVET,건조녹용,Deer velvet (dried),,(주)용보제약,YongBo,
2018-07-18,유진통상,FROZEN RED DEER VELVET ANTLER,생녹용,Deer velvet (frozen),,유진통상,Yujin Trade,
2018-07-18,명가녹용 주식회사,DRIED RED DEER VELVET ANTLER(WHOLE),건조녹용,Deer velvet (dried),,명가녹용 주식회사,MyungGa,
2018-07-16,주식회사 한국인삼공사,DRIED RED DEER VELVET ANTLER,건조녹용,Deer velvet (dried),,주식회사 한국인삼공사,KGC,
2018-07-10,화용제약,DEER HORN,건조녹용,Deer velvet (dried),,화용제약,HwaYong Pharm.,
2018-06-29,주식회사 한국인삼공사,DRIED RED DEER VELVET ANTLER,건조녹용,Deer velvet (dried),,주식회사 한국인삼공사,KGC,
2018-06-21,주식회사 한국인삼공사,DRIED RED DEER VELVET ANTLER,건조녹용,Deer velvet (dried),,주식회사 한국인삼공사,KGC,
2018-06-21,주식회사 한국인삼공사,DRIED RED DEER VELVET ANTLER,건조녹용,Deer velvet (dried),,주식회사 한국인삼공사,KGC,
2018-06-05,한동허브,FROZEN RED DEER VELVET,생녹용,Deer velvet (frozen),,한동허브,Handong Herb,
2018-05-29,(주)천호엔케어,DRIED RED DEER VELVET ANTLER,건조녹용,Deer velvet (dried),,(주)천호엔케어,Chunho N Care,
2018-05-29,(주)이룸제약법인,DRIED RED DEER VELVET ANTLER,건조녹용,Deer velvet (dried),,(주)이룸제약법인,Ee Room Pharm.,
2018-05-23,유진통상,FROZEN RED DEER VELVET ANTLER,생녹용,Deer velvet (frozen),,유진통상,Yujin Trade,
2018-05-15,진가식품,FROZEN RED DEER VELVET ANTLER,생녹용,Deer velvet (frozen),,진가식품,Jinka Food,
2018-05-11,(주)용보제약,MARAL DEER HORNS,건조녹용,Deer velvet (dried),,(주)용보제약,YongBo,
2018-05-11,명가녹용 주식회사,MARAL DEER HORNS,건조녹용,Deer velvet (dried),,명가녹용 주식회사,MyungGa,
2018-05-08,(주)우성생약,DRIED RED DEER VELVET ANTLER,건조녹용,Deer velvet (dried),,(주)우성생약,WooSung,
2018-05-08,주식회사 한국인삼공사,DRIED RED DEER VELVET ANTLER,건조녹용,Deer velvet (dried),,주식회사 한국인삼공사,KGC,
2018-05-01,(주)천호엔케어,DRIED RED DEER VELVET ANTLER,건조녹용,Deer velvet (dried),,(주)천호엔케어,Chunho N Care,
2018-04-20,주식회사 한국인삼공사,DRIED RED DEER VELVET ANTLER,건조녹용,Deer velvet (dried),,주식회사 한국인삼공사,KGC,
2018-04-16,(주)용보제약,DRIED RED DEER VELVET,건조녹용,Deer velvet (dried),,(주)용보제약,YongBo,
2018-03-30,천호식품(주)양산공장,DRIED RED DEER VELVET ANTLER,건조녹용,Deer velvet (dried),,천호식품(주)양산공장,Chunho Food,
2018-03-27,한동허브,FROZEN RED DEER VELVET,생녹용,Deer velvet (frozen),,한동허브,Handong Herb,
2018-03-22,유진통상,FROZEN RED DEER VELVET ANTLER,생녹용,Deer velvet (frozen),,유진통상,Yujin Trade,
2018-03-21,(주)용보제약,DRIED RED DEER VELVET,녹용,Deer velvet,,(주)용보제약,YongBo,
2018-03-14,한동허브,FROZEN RED DEER VELVET,생녹용,Deer velvet (frozen),,한동허브,Handong Herb,
2018-03-13,주식회사 한국인삼공사,DRIED RED DEER VELVET ANTLER,건조녹용,Deer velvet (dried),,주식회사 한국인삼공사,KGC,
2018-03-05,(주)대한녹용수출입법인,DRIED RED DEER VELVET ANTLER(WHOLE),녹용,Deer velvet,,(주)대한녹용수출입법인,KVIE,
2018-03-05,명가녹용 주식회사,DRIED RED DEER VELVET ANTLER(WHOLE),녹용,Deer velvet,,명가녹용 주식회사,MyungGa,
2018-03-02,태안약업(주),DRIED RED DEER VELVET,녹용,Deer velvet,,태안약업(주),Taeahn,
2018-02-28,주식회사 한국인삼공사,DRIED RED DEER VELVET ANTLER,건조녹용,Deer velvet (dried),,주식회사 한국인삼공사,KGC,
2018-02-26,(주)유한양행,FROZEN WHOLE STICK VELVET,녹용,Deer velvet,,(주)유한양행,Yuhan Corporation.,
2018-02-14,삼보제약,DRIED RED DEER VELVET ANTLER (WHOLE),녹용,Deer velvet,,삼보제약,SamBo,
2018-02-09,주식회사 허브앤솔루션,DRIED RED DEER VELVET ANTLER,건조녹용,Deer velvet (dried),,주식회사 허브앤솔루션,Herb&Solution,
2018-02-09,(주)케이앤씨디어트레이드,FROZEN RED DEER VELVET ANTLER,생녹용,Deer velvet (frozen),,(주)케이앤씨디어트레이드,KNC Deertrade,
2018-02-06,유진통상,FROZEN RED DEER VELVET ANTLER,생녹용,Deer velvet (frozen),,유진통상,Yujin Trade,
2018-02-06,(주)용보제약,DRIED RED DEER VELVET,녹용,Deer velvet,,(주)용보제약,YongBo,
2018-01-25,대호제약주식회사,FROZEN RED DEER VELVET ANTLER,생녹용,Deer velvet (frozen),,대호제약주식회사,Daeho Pharm.,
2018-01-25,주식회사 한국인삼공사,DRIED RED DEER VELVET ANTLER,건조녹용,Deer velvet (dried),,주식회사 한국인삼공사,KGC,
2018-01-17,(주)이룸제약법인,DRIED RED DEER VELVET ANTLER,건조녹용,Deer velvet (dried),,(주)이룸제약법인,Ee Room Pharm.,
2018-01-10,유진통상,FROZEN RED DEER VELVET ANTLER,생녹용,Deer velvet (frozen),,유진통상,Yujin Trade,
2018-01-05,(주)진수녹용,DRIED RED DEER VELVET ANTLER,건조녹용,Deer velvet (dried),,(주)진수녹용,"Jinsoo Deer Co., Ltd.",
2018-01-02,한동허브,FROZEN RED DEER VELVET,생녹용,Deer velvet (frozen),,한동허브,Handong Herb,
2017-12-28,(주)유한양행,DRIED DEER VELVET,연구용 건조 녹용,Dried deer velvet - for research,,(주)유한양행,Yuhan Corporation.,
2017-12-28,삼보제약,DRIED RED DEER VELVET ANTLER (WHOLE),녹용,Deer velvet,,삼보제약,SamBo,
2017-12-27,(주)케이앤씨디어트레이드,FROZEN RED DEER VELVET ANTLER,생녹용,Deer velvet (frozen),,(주)케이앤씨디어트레이드,KNC Deertrade,
2017-11-15,(주)대원알디티,DRIED MARAL VELVET ANTLER ( CERVUS ELAPHUS ),건조녹용,Deer velvet (dried),,(주)대원알디티,DaeWon RTD,
2017-11-14,(주)케이앤씨디어트레이드,FROZEN RED DEER VELVET ANTLER,생녹용,Deer velvet (frozen),,(주)케이앤씨디어트레이드,KNC Deertrade,
2017-11-08,(주)대원알디티,DRIED MARAL VELVET ANTLER ( CERVUS ELAPHUS ),녹용,Deer velvet,,(주)대원알디티,DaeWon RTD,
2017-10-26,(주)용보제약,DRIED RED DEER VELVET,녹용,Deer velvet,,(주)용보제약,YongBo,
2017-10-24,삼보제약,DRIED RED DEER VELVET ANTLER (WHOLE),녹용,Deer velvet,,삼보제약,SamBo,
2017-10-19,(주)유한양행,100% SLICED DRIED DEER ANTLER VELVET,연구용 건조 녹용,Dried deer velvet - for research,,(주)유한양행,Yuhan Corporation.,
2017-09-18,(주)서화제약,DEER HARD ANTLER(CERVUS ELAPHUS),녹각,Hard antlers,,(주)서화제약,SeoHwa Pharm.,
2017-09-11,태안약업(주),DEER VELVET,녹용,Deer velvet,,태안약업(주),Taeahn,
2017-09-06,한동허브,MARAL HARD ANTLER ( CERVUS ELAPHUS ),녹각,Hard antlers,,한동허브,Handong Herb,
2017-08-22,(주)용보제약,DRIED RED DEER VELVET,건녹용,Deer velvet (dried),,(주)용보제약,YongBo,
2017-08-08,주신제약(주),DEER HARD HORN (CERVUS ELAPHUS),녹각,Hard antlers,,주신제약(주),JooShin Pharm,
2017-07-20,삼보제약,DRIED RED DEER VELVET ANTLER (WHOLE),건녹용,Deer velvet (dried),,삼보제약,SamBo,
2017-07-19,주식회사 한국인삼공사,DRIED RED DEER VELVET ANTLER,건녹용,Deer velvet (dried),,주식회사 한국인삼공사,KGC,
2017-07-19,(주)케이앤씨디어트레이드,DEER HORNS,건녹용,Deer velvet (dried),,(주)케이앤씨디어트레이드,KNC Deertrade,
2017-07-18,한동허브,DEER HORNS,건녹용,Deer velvet (dried),,한동허브,Handong Herb,
2017-07-11,주식회사 한국인삼공사,DRIED RED DEER VELVET ANTLER,건녹용,Deer velvet (dried),,주식회사 한국인삼공사,KGC,
2017-07-11,주식회사 한국인삼공사,DRIED RED DEER VELVET ANTLER,건녹용,Deer velvet (dried),,주식회사 한국인삼공사,KGC,
2017-07-04,주식회사 한국인삼공사,DRIED RED DEER VELVET ANTLER,건녹용,Deer velvet (dried),,주식회사 한국인삼공사,KGC,
2017-06-21,명가녹용 주식회사,DRIED RED DEER VELVET ANTLER (WHOLE),건녹용,Deer velvet (dried),,명가녹용 주식회사,MyungGa,
2017-06-20,한동허브,FROZEN RED DEER VELVET,생녹용,Deer velvet (frozen),,한동허브,Handong Herb,
2017-06-19,(주)용보제약,DRIED RED DEER VELVET,건녹용,Deer velvet (dried),,(주)용보제약,YongBo,
2017-06-14,주식회사 한국인삼공사,DRIED RED DEER VELVET ANTLER,건녹용,Deer velvet (dried),,주식회사 한국인삼공사,KGC,
2017-06-05,화용제약,DEER HORN,녹용,Deer velvet,,화용제약,HwaYong Pharm.,
2017-06-05,주식회사 한국인삼공사,DRIED RED DEER VELVET ANTLER,건녹용,Deer velvet (dried),,주식회사 한국인삼공사,KGC,
2017-06-05,동화무약,DEER HORN,녹용,Deer velvet,,동화무약,DongWha Pharmaceutical Trading Co.,
2017-06-01,(주)용보제약,DRIED RED DEER VELVET,건녹용,Deer velvet (dried),,(주)용보제약,YongBo,
2017-05-24,주식회사 한국인삼공사,DRIED RED DEER VELVET ANTLER,건녹용,Deer velvet (dried),,주식회사 한국인삼공사,KGC,
2017-05-12,(주)케이앤씨디어트레이드,FROZEN RED DEER VELVET ANTLER,생녹용,Deer velvet (frozen),,(주)케이앤씨디어트레이드,KNC Deertrade,
2017-05-08,주식회사 한국인삼공사,DRIED RED DEER VELVET ANTLER,건녹용,Deer velvet (dried),,주식회사 한국인삼공사,KGC,
2017-04-27,한동허브,FROZEN RED DEER VELVET ANTLER,생녹용,Deer velvet (frozen),,한동허브,Handong Herb,
2017-04-12,(주)수식품,FROZEN RED DEER VELVET ANTLER,생녹용,Deer velvet (frozen),,(주)수식품,Su Food,
2017-04-05,주식회사 한국인삼공사,DRIED RED DEER VELVET ANTLER,건녹용,Deer velvet (dried),,주식회사 한국인삼공사,KGC,
2017-04-04,허브앤솔루션,MARAL DEER HORN(CERVUS ELAPHUS SIBIRICUS),녹용,Deer velvet,,허브앤솔루션,Herb&Solution,
2017-03-09,(주)수식품,FROZEN RED DEER VELVET ANTLER,생녹용,Deer velvet (frozen),,(주)수식품,Su Food,
2017-03-08,명가녹용 주식회사,DRIED RED DEER VELVET ANTLER(WHOLE),건녹용,Deer velvet (dried),,명가녹용 주식회사,MyungGa,
2017-02-22,한동허브,FROZEN RED DEER VELVET ANTLER,생녹용,Deer velvet (frozen),,한동허브,Handong Herb,
2017-02-14,(주)케이앤씨디어트레이드,FROZEN RED DEER VELVET ANTLER,생녹용,Deer velvet (frozen),,(주)케이앤씨디어트레이드,KNC Deertrade,
2017-02-07,(주)수식품,DRIED DEER HORN(CERVUS ELAPHUS SIBIRICUS) (WHOLE),건녹용,Deer velvet (dried),,(주)수식품,Su Food,
2017-01-31,(주)대한녹용수출입법인,DEER HORN,녹용,Deer velvet,,(주)대한녹용수출입법인,KVIE,
2017-01-18,(주)우성생약,FROZEN RED DEER VELVET ANTLER,생녹용,Deer velvet (frozen),,(주)우성생약,WooSung,
2017-01-16,(주)서화제약,DEER HORNS,녹용,Deer velvet,,(주)서화제약,SeoHwa Pharm.,
2017-01-03,(주)수식품,FROZEN RED DEER VELVET ANTLER,생녹용,Deer velvet (frozen),,(주)수식품,Su Food,
2016-12-30,(주)한국허브,DRIED RED DEER VELVET ANTLER (WHOLE),건녹용,Deer velvet (dried),,(주)한국허브,HanKook Herb,
2016-12-20,(주)케이앤씨디어트레이드,FROZEN RED DEER VELVET ANTLER,생녹용,Deer velvet (frozen),,(주)케이앤씨디어트레이드,KNC Deertrade,
2016-12-05,(주)용보제약,DRIED DEER VELVET,건녹용,Deer velvet (dried),,(주)용보제약,YongBo,
2016-11-29,바이칼허브,DEER HARD HORNS,녹각,Hard antlers,,바이칼허브,Baikal Herb,
2016-11-28,태안약업(주),DEER HARD HORN (CERVUS ELAPHUS),녹각,Hard antlers,,태안약업(주),Taeahn,
2016-11-18,한선무역,DEER HARD HORNS,녹각,Hard antlers,,한선무역,Hansun Trading,
2016-11-18,조은생약,DEER HORN,녹용,Deer velvet,,조은생약,JoEun Pharm,
2016-11-17,(주)수식품,DRIED RED DEER VELVET ANTLER (SLICED),건조절편녹용,Dried sliced deer velvet,,(주)수식품,Su Food,
2016-11-16,(주)수식품,DRIED RED DEER VELVET ANTLER,건녹용,Deer velvet (dried),,(주)수식품,Su Food,
2016-11-11,주식회사 한국인삼공사,DRIED RED DEER VELVET ANTLER,건녹용,Deer velvet (dried),,주식회사 한국인삼공사,KGC,
2016-11-11,주식회사 한국인삼공사,DRIED RED DEER VELVET ANTLER,건녹용,Deer velvet (dried),,주식회사 한국인삼공사,KGC,
2016-10-26,일성식품,DEER HORN,녹용,Deer velvet,,일성식품,Ilseong Food,
2016-10-26,주식회사 한국인삼공사,DRIED RED DEER VELVET ANTLER,건녹용,Deer velvet (dried),,주식회사 한국인삼공사,KGC,
2016-10-17,(주)케이앤씨디어트레이드,DEER HORNS,건녹용,Deer velvet (dried),,(주)케이앤씨디어트레이드,KNC Deertrade,
2016-10-17,태안약업(주),DRIED DEER VELVET,건녹용,Deer velvet (dried),,태안약업(주),Taeahn,
2016-10-11,(주)대원알디티,DEER HORNS,건녹용,Deer velvet (dried),,(주)대원알디티,DaeWon RTD,
2016-10-10,조은생약,ANTLER (DRY DEER HORN),녹각,Hard antlers,,조은생약,JoEun Pharm,
2016-09-28,(주)한국허브,DRIED RED DEER VELVET ANTLER (WHOLE),건녹용,Deer velvet (dried),,(주)한국허브,HanKook Herb,
2016-09-07,(주)용보제약,DRIED DEER VELVET,건녹용,Deer velvet (dried),,(주)용보제약,YongBo,
2016-08-05,(주)한국인삼공사,DRIED RED DEER VELVET ANTLER,건녹용,Deer velvet (dried),,(주)한국인삼공사,KGC,
2016-08-01,삼보제약,100% DRIED RED DEER SLICED VELVET (SANGDAE),상대녹용절편,Dried sliced deer velvet - Sangdae,,삼보제약,SamBo,
2016-07-27,(주)수식품,FROZEN RED DEER VELVET ANTLER,생녹용,Deer velvet (frozen),,(주)수식품,Su Food,
2016-07-21,상녹제약(주),DEER HARD ANTLERS,녹각,Hard antlers,,상녹제약(주),SangNok Pharm.,
2016-07-05,태안약업(주),DRIED DEER VELVET,건녹용,Deer velvet (dried),,태안약업(주),Taeahn,
2016-07-04,바이칼허브,DEER HARD HORNS,녹각,Hard antlers,,바이칼허브,Baikal Herb,
2016-06-29,한동허브,FROZEN RED DEER VELVET,생녹용,Deer velvet (frozen),,한동허브,Handong Herb,
2016-06-28,명가녹용 주식회사,DEER HORN,녹용,Deer velvet,,명가녹용 주식회사,MyungGa,
2016-06-24,주신제약(주),DEER HARD HORN (CERVUS ELAPHUS SIBIRICUS),녹각,Hard antlers,,주신제약(주),JooShin Pharm,
2016-06-21,(주)수식품,FROZEN RED DEER VELVET ANTLER,생녹용,Deer velvet (frozen),,(주)수식품,Su Food,
2016-06-20,(주)한국인삼공사,DRIED RED DEER VELVET ANTLER,건녹용,Deer velvet (dried),,(주)한국인삼공사,KGC,
2016-06-20,(주)수식품,DRIED RED DEER VELVET ANTLER,건녹용,Deer velvet (dried),,(주)수식품,Su Food,
2016-06-15,(주)수식품,FROZEN RED DEER VELVET ANTLER,생녹용,Deer velvet (frozen),,(주)수식품,Su Food,
2016-05-27,(주)한국인삼공사,DEER VELVET,녹용,Deer velvet,,(주)한국인삼공사,KGC,
2016-05-26,(주)한국인삼공사,DEER VELVET,건녹용,Deer velvet (dried),,(주)한국인삼공사,KGC,
2016-05-20,(주)대한녹용수출입법인,DEER HORN,녹용,Deer velvet,,(주)대한녹용수출입법인,KVIE,
2016-05-16,주신제약(주),DEER HARD HORN (CERVUS ELAPHUS SIBIRICUS),녹각,Hard antlers,,주신제약(주),JooShin Pharm,
2016-05-04,(주)수식품,FROZEN RED DEER VELVET ANTLER,생녹용,Deer velvet (frozen),,(주)수식품,Su Food,
2016-04-25,(주)한국인삼공사,DEER VELVET,건녹용,Deer velvet (dried),,(주)한국인삼공사,KGC,
2016-04-15,(주)루스마르코,DEER HORNS,건녹용,Deer velvet (dried),,(주)루스마르코,Looce Masco,
2016-04-15,(주)한국인삼공사,DEER VELVET,건녹용,Deer velvet (dried),,(주)한국인삼공사,KGC,
2016-04-14,(주)서화제약,DRY DEER HORN,건녹용,Deer velvet (dried),,(주)서화제약,SeoHwa Pharm.,
2016-03-30,(주)수식품,FROZEN RED DEER VELVET,생녹용,Deer velvet (frozen),,(주)수식품,Su Food,
2016-03-24,(주)한국인삼공사,녹용(DEER VELVET),건녹용,Deer velvet (dried),,(주)한국인삼공사,KGC,
2016-03-04,태안약업(주),DRIED DEER VELVET,건녹용,Deer velvet (dried),,태안약업(주),Taeahn,
2016-02-25,(주)수식품,DEER HORNS,건녹용,Deer velvet (dried),,(주)수식품,Su Food,
2016-02-25,주식회사 한국인삼공사,녹용(DEER VELVET),건녹용,Deer velvet (dried),,주식회사 한국인삼공사,KGC,
2016-02-23,조은생약,DEER HORN,녹용,Deer velvet,,조은생약,JoEun Pharm,
2026-05-29,(주)케이앤씨디어트레이드,FROZEN RED DEER VELVET ANTLER,생녹용,Deer velvet (frozen),New Zealand,(주)케이앤씨디어트레이드,KNC Deertrade,
2026-05-27,(주)케이앤씨디어트레이드,DRIED RED DEER VELVET ANTLER,녹용(건조),Deer velvet (dried),New Zealand,(주)케이앤씨디어트레이드,KNC Deertrade,
2026-05-19,와이더블유 인터내셔날,FROZEN WHOLE DEER VELVET ANTLER,냉동녹용,Deer velvet (frozen),New Zealand,와이더블유 인터내셔날,YW International,
2026-05-13,주식회사 이룡제약,DEER HORN,녹용,Deer velvet (dried),China,주식회사 이룡제약,Eryong Pharm.,
2026-05-08,온바이오,DRIED RED DEER VELVET ANTLER,녹용(건조),Deer velvet (dried),New Zealand,온바이오,OnBio,
2026-04-10,(주)우성생약,DRIED RED DEER VELVET ANTLER,녹용(건조),Deer velvet (dried),New Zealand,(주)우성생약,WooSung,
2026-06-17,주식회사 이룡제약,FROZEN DEER VELVET,생녹용(냉동),,,주식회사 이룡제약,,
2026-06-04,주식회사 비봉허브,DEER HORN,녹용,,,주식회사 비봉허브,,
2026-06-04,(주)케이앤씨디어트레이드,DRIED RED DEER VELVET ANTLER,녹용(건조),,,(주)케이앤씨디어트레이드,,
2026-01-12,마더스초이스,MANUKA HONEY & DEER VELVET POWDER,마누카 허니 & 녹용분말(UMF 16+),,,마더스초이스,,
2025-10-29,(주)엘지생활건강,NOKYOUNGWON BALHYO JIN AEK,녹용원 발효 진액,,,(주)엘지생활건강,,
2025-08-25,마더스초이스,MANUKA HONEY & DEER VELVET POWDER,마누카 허니 & 녹용분말(UMF 25+),,,마더스초이스,,
2025-08-21,아로하가든,AROHA GARDEN MANUKA UMF15+ WITH  DEER VELVET,아로하 마누카허니 녹용(UMF 15+),,,아로하가든,,
2025-08-19,(주)유앤젯인터내셔날,PREMIUM MANUKA HONEY&DEER VELVET,프리미엄 마누카꿀&녹용,,,(주)유앤젯인터내셔날,,
2025-08-19,마더스초이스,MANUKA HONEY & DEER VELVET POWDER,마누카 허니 & 녹용분말(UMF 16+),,,마더스초이스,,
